"station","Present_Tmax","Present_Tmin","LDAPS_RHmin","LDAPS_RHmax","LDAPS_Tmax_lapse","LDAPS_Tmin_lapse","LDAPS_WS","LDAPS_LH","LDAPS_CC1","LDAPS_CC2","LDAPS_CC3","LDAPS_CC4","LDAPS_PPT1","LDAPS_PPT2","LDAPS_PPT3","LDAPS_PPT4","lat","lon","DEM","Slope","Solar.radiation","Next_Tmax"
5,30.7,23.2,51.02987289,94.56241608,30.9478728,24.2752983,5.857206106,126.1880747,0.207654986,0.206775819,0.128486224,0.01525074,0,0,0,0,37.5507,127.135,35.038,0.5055,5546.319336,31.9
20,28.3,26.4,69.27565765,99.85404205,28.31412177,23.48025815,8.716130088,96.80470018,0.571546914,0.477409259,0.038331195,0.013737301,2.880830064,0.024863194,0,0,37.6181,127.004,146.554,4.7296,5569.274902,30.8
6,29.4,25.4,73.52561188,86.74785614,27.10124286,24.46553359,4.467985968,40.59478498,0.258851232,0.73162648,0.696816389,0.76802309,0,0.011964042,0.2427972,0.001454517,37.5102,127.042,54.6384,0.1457,5302.327637,27.2
22,29,23.1,48.91342163,90.62117004,30.2094494,21.34158632,8.337131759,91.60378091,0.233476733,0.231486392,0.034951501,9.69e-07,0,0,0,0,37.5102,127.086,21.9668,0.1332,5841.537598,32.5
21,32.1,25.6,68.70663452,89.75266266,27.55380375,24.64079033,4.766138961,33.20963627,0.75393227,0.799846021,0.740121796,0.795198215,2.163094783,2.309006716,0,0,37.5507,127.04,26.298,0.5721,5370.370605,31.3
17,29.6,25.6,91.09719849,96.14048004,26.75554772,25.04689773,6.039290259,30.67397086,0.831350163,0.825021952,0.765499164,0.56676636,1.327521078,4.642013272,2.296400031,0.045284662,37.6181,127.099,53.4712,0.697,5579.674805,29.2
8,27.5,23.7,63.33701324,91.68138886,28.04958847,22.64322013,7.784015357,43.4228935,0.269660463,0.204194069,0.077777064,0.206764164,0,0,0,0,37.4697,126.91,52.518,1.5629,5567.564453,30.7
14,30.1,23.9,56.76482773,88.70648193,25.54617053,19.81597011,11.97658658,45.9112525,0.494120527,0.691702895,0.796833098,0.785559897,0,0.103189869,0.374007578,0.996513521,37.4967,126.927,30.968,0.618,4676.905273,25.2
24,34.6,25.1,43.74348831,77.39213562,35.53488529,27.4958126,12.19702476,95.25025113,0.440015111,0.318811718,0.314548408,0.598786968,0.018788002,0,0,0.559018654,37.5237,126.909,17.2956,0.2223,5382.089355,35.2
20,26.3,23.8,64.24790192,98.23594666,29.27475686,23.41502335,11.91112826,81.90767382,0.371869881,0.222123917,0.218907861,0.112270017,0,0,0,0.05874455,37.6181,127.004,146.554,4.7296,5751.265137,29.7
11,26.3,22.6,74.30966187,90.95372772,23.90832907,21.38953091,8.472640753,53.98900088,0.662699259,0.818571488,0.878120691,0.907723223,0,3.800828377,4.318681935,4.554296434,37.5372,127.085,28.7,0.6233,5039.804199,24.6
1,29.5,24.1,65.17441559,91.48075867,29.18067725,24.88737731,7.415284355,90.59262228,0.57056214,0.396270597,0.398659042,0.497753706,0.012727791,0,0,0,37.6046,126.991,212.335,2.785,4985.76123,31.3
19,31.1,23.4,53.63579941,79.35218811,28.80432665,23.89670158,7.492933353,47.30181217,0.075245429,0.360216075,0.497441358,0.710829789,0,0,0,0,37.5776,126.938,75.0924,1.7678,5131.66748,27.7
22,25,22,73.77366638,87.74672699,23.99817725,21.42395495,7.451676468,49.96971544,0.578845215,0.601627479,0.565929639,0.467821519,0.11243735,0,0,0,37.5102,127.086,21.9668,0.1332,4987.023438,27.3
17,28.2,22,84.26408386,96.6576004,26.02110679,22.69070948,5.745490531,51.0563641,0.654145502,0.820631286,0.31732103,0.30447968,0.691950679,3.246381454,0.050687851,0.012273195,37.6181,127.099,53.4712,0.697,5700.312988,30.7
19,32.9,26.9,70.29227448,94.30224609,30.94448926,27.13276253,8.309695363,40.86830445,0.430138139,0.55032204,0.260388894,0.236143043,0.549803654,0.016756238,0,0,37.5776,126.938,75.0924,1.7678,5248.685547,31.4
14,30,22.3,26.02940941,79.63117981,36.07052558,24.30190652,7.908768038,18.00071438,0.178893712,0.263560038,0.059750066,0.139885766,0,0,0,0,37.4967,126.927,30.968,0.618,5728.624512,34.2
11,34.6,28.3,56.03192902,87.24746704,30.84921781,25.25081745,10.09203019,88.61509879,0.680441026,0.487427293,0.734928251,0.630007882,1.087523638,0.00276867,0.554425855,0.016927841,37.5372,127.085,28.7,0.6233,5377.675781,29.9
19,30.4,21.2,37.87807465,79.69726563,31.3867101,22.55313208,8.738703817,41.6250122,0.079092169,0.177594507,0.438521813,0.520903462,0,0,0,0,37.5776,126.938,75.0924,1.7678,4762.060059,29.9
6,27.4,19.8,58.84487534,71.1880188,26.24576147,21.68859281,5.776112854,36.56391271,0.223460699,0.300600198,0.653155668,0.723601499,0,0,0,0.000482625,37.5102,127.042,54.6384,0.1457,5701.249023,27.6
16,26.2,19.3,31.46842766,90.0258255,27.68166143,19.62154772,8.783946117,87.68195232,0.015892606,0.138860046,0.033721382,0.0003081,0,0,0,0,37.4697,126.995,82.2912,2.2579,5855.75293,27.9
23,30.6,23.3,61.55593491,88.59805298,28.57767791,23.59890795,6.067044963,68.74416844,0.232030509,0.498442292,0.260160747,0.189458164,0,0.038314087,0,0,37.5372,126.891,15.5876,0.1554,5722.567871,32.5
19,27.6,25.7,65.96256256,91.30764771,30.41823943,25.88620467,4.439396143,29.02599392,0.290020704,0.579780805,0.356485918,0.257970969,0,0,0,0,37.5776,126.938,75.0924,1.7678,5623.189941,27.3
21,33.6,26.3,55.99732208,76.99655151,33.25946999,27.88121744,7.21309039,12.18374217,0.306029286,0.387904328,0.330006621,0.333352711,0,0,0,0,37.5507,127.04,26.298,0.5721,5640.659668,32.5
8,30.4,24.2,69.06572723,91.07239532,27.14752966,23.86523876,8.481861194,23.38384187,0.216871076,0.577821644,0.719063346,0.707506497,0,0,0.008498895,0.069484079,37.4697,126.91,52.518,1.5629,5623.22168,28.2
18,24.1,19.2,42.47201157,77.93883514,25.98738589,17.97288992,9.792919715,110.3786945,0.321474284,0.044554136,0.201257238,0.139384242,0,0,0,0,37.4832,127.024,56.4448,1.2313,4475.678711,28.6
23,33.2,27,57.42166519,85.39659119,32.44665834,26.84934553,5.451758653,89.63583883,0.06842409,0.090039248,0.071115862,0.024236251,0,0,0,0,37.5372,126.891,15.5876,0.1554,5142.875977,35.2
19,31.8,26.7,67.38904572,88.16121674,30.67972507,26.95689726,6.570997099,35.63881111,0.468704694,0.511894992,0.566653913,0.35715214,0,0,0,0,37.5776,126.938,75.0924,1.7678,5659.175293,32.8
10,27,20.9,44.84893799,83.04029846,26.59747448,20.63611052,8.602578819,62.87250793,0.202787663,0.115354107,0.328707698,0.2951478,0,0,0,0,37.4562,126.955,208.507,5.1782,4371.68457,27.9
18,34.6,26.6,48.22517776,88.51012421,33.4425194,25.1568521,4.940713972,104.3079789,0.109702836,0.133029178,0.114677106,0.062558926,0,0,0,0,37.4832,127.024,56.4448,1.2313,5286.085938,35.7
15,28.1,21.5,57.66900635,88.83916473,29.14961997,24.22682735,5.202470203,20.36986224,0.248113217,0.487559958,0.495203395,0.102410151,0,0,0,0,37.5507,126.937,30.0464,0.8552,4945.837402,30
24,30.9,27.1,61.99203491,91.22515106,31.40697906,25.37670231,7.851554851,54.65234987,0.76846836,0.608224743,0.457569517,0.597520607,2.074499124,3.516971124,0.027606963,2.854639133,37.5237,126.909,17.2956,0.2223,5452.38916,29.9
4,28.5,19.9,50.8753624,90.2015152,24.28904236,17.51777464,4.064451158,78.44397395,0.081694234,0.337353933,0.444443946,0.558632553,0,0,0,0,37.645,127.022,45.716,2.5348,4604.255371,26.4
11,32,24.3,63.34965897,81.73593903,27.90153455,23.970071,4.650526424,48.50656343,0.385152003,0.726684886,0.556695941,0.637406194,0.009619401,0.678455191,0.003468199,0,37.5372,127.085,28.7,0.6233,5007.865723,31.1
20,30.5,21.1,60.28442001,99.10834503,26.89407783,21.08917538,8.375282466,100.1634552,0.808989002,0.510928223,0.178977643,0.051536933,0.224075995,0.016646464,0,0,37.6181,127.004,146.554,4.7296,5569.274902,30.5
8,29,23.1,38.63763428,91.45211029,31.58525555,23.79369173,5.823491996,50.57923732,0.246860768,0.053937768,0.00183828,0.002604167,0,0,0,0,37.4697,126.91,52.518,1.5629,4708.868164,32.1
12,31.6,25,56.19442368,90.37353516,31.88886936,25.64532021,7.558575104,28.94194027,0.525857583,0.479677524,0.076696024,0.096674492,0.042004365,0,0,0,37.5507,126.988,132.118,0.5931,5403.180176,31.8
21,30.8,23.5,41.22965622,82.90296936,33.05364288,24.64169572,5.861983697,15.75055923,0.111429493,0.082094762,0.171702311,0.135195176,0,0,0,0,37.5507,127.04,26.298,0.5721,5031.075684,31.4
4,24.1,19.8,69.52453613,99.06311798,26.58704871,20.86560526,4.429703275,76.28793927,0.410119204,0.328590334,0.4318871,0.408151179,0.039176902,0,0.035381977,0,37.645,127.022,45.716,2.5348,4858.884766,28.3
1,29.3,24.8,57.86719131,92.5300827,31.76156835,24.32478293,6.784948071,111.550152,0.047721784,0.049974883,0.022361247,0.11706278,0,0,0,0,37.6046,126.991,212.335,2.785,5415.057617,31.1
13,28.2,19.2,41.67976761,91.88318634,31.20445849,21.61692526,6.724486997,36.72836087,0.16066592,0.105511346,0.019416387,0.045698441,0,0,0,0,37.5776,127.083,59.8324,2.6865,5111.087891,30.7
9,29.2,20.5,49.14336014,89.44406891,26.96328006,20.3758013,4.729182204,73.36174168,0.172481106,0.266376966,0.168716089,0.094759104,0,0,0,0,37.4967,126.826,50.9312,0.4125,4471.100586,28.7
7,31.6,23,77.67289734,94.51862335,26.03678666,23.20707721,7.236755252,91.9331789,0.107328171,0.386655787,0.53115501,0.447967855,0,0,0,0,37.5776,126.838,12.37,0.0985,5757.716309,29
19,31.2,25.4,68.95304871,88.85647583,30.82677934,26.63450669,7.125348051,34.37133928,0.198142477,0.257638474,0.248930698,0.216209761,0,0,0.052412152,0,37.5776,126.938,75.0924,1.7678,5356.83252,30
19,29.4,23.5,65.92669678,82.91825104,29.57168629,25.65871567,10.11971333,29.58868549,0.233663033,0.45257313,0.273511195,0.388116375,0,0,0,0,37.5776,126.938,75.0924,1.7678,5692.742676,30.6
11,31.5,26.2,48.65119934,86.85392761,32.59482309,26.77553606,7.48467949,55.60880224,0.269611978,0.138825287,0.354396701,0.064694558,0.000535171,0,0,0,37.5372,127.085,28.7,0.6233,5535.501465,32.5
5,32.9,22.8,51.53918839,92.53926086,31.95203931,24.63028779,5.048594197,114.590356,0.303362443,0.170447545,0.531310529,0.708123866,0,0,0,0.953878159,37.5507,127.135,35.038,0.5055,5767.609375,33.6
15,31.2,24.3,47.67282867,77.2670517,29.82672138,23.20564016,6.411092609,32.02318716,0,0.013323565,0.089602617,0.015720457,0,0,0,0,37.5507,126.937,30.0464,0.8552,4625.583008,30.2
14,31.6,24.1,46.91537857,63.08742523,28.75866885,24.92684364,7.11816897,17.38892202,0.398731614,0.498172375,0.588103135,0.624028766,0,0,0,0.056029333,37.4967,126.927,30.968,0.618,5714.919434,29.8
1,24.9,22,61.46009064,98.7768631,27.29540277,22.64322948,12.05071634,97.51321264,0.945317964,0.616360295,0.118236522,0.274446551,2.69868952,0.499998806,0,0,37.6046,126.991,212.335,2.785,5746.562988,23.2
23,24.8,19.9,82.33135223,90.90583801,20.80488978,16.92776803,14.5029885,85.17888888,0.76945743,0.949823969,0.966690656,0.811649441,0.413628733,1.465975205,4.861343026,0.750401621,37.5372,126.891,15.5876,0.1554,4403.272949,21.2
9,29.9,22.8,56.47307205,87.30227661,29.74469456,23.14609558,6.043380469,96.8336217,0.27000863,0.233265592,0.383805717,0.434977875,0,0,0.001593437,0,37.4967,126.826,50.9312,0.4125,4915.333496,29.2
20,31.9,25.7,75.7281189,96.8662796,27.72763135,24.15418913,4.958751827,53.02742787,0.893668983,0.816048226,0.598038811,0.06950171,1.700341622,4.211752854,0.330452328,0,37.6181,127.004,146.554,4.7296,4854.930664,28.3
9,25.3,19.7,63.89660263,92.14528656,22.94286319,18.85313328,6.689984401,63.78349121,0.312146251,0.416980651,0.535305737,0.295908581,0,0,0.016749678,0.9095936,37.4967,126.826,50.9312,0.4125,4664.901367,25.5
20,24.5,18.5,82.67684937,99.68024445,29.43706097,22.23494994,12.04502487,106.8249946,0.698776084,0.560079065,0.504192956,0.667694403,1.887596725,0.000165904,2.658710594,1.837390709,37.6181,127.004,146.554,4.7296,5649.462891,33.6
12,29.6,20.1,27.23142052,83.34732819,31.36408417,21.63230947,7.082428952,25.43887673,0.023205735,0.000179159,0.097893291,0.145359152,0,0,0,0,37.5507,126.988,132.118,0.5931,4503.517578,30.7
2,31.4,25.5,48.94061661,94.62498474,32.48668314,25.49417513,6.122391135,69.18902306,0.440289978,0.231376066,0.025720668,0.049362203,13.18020958,0,0.002128331,0,37.6046,127.032,44.7624,0.5141,4907.85791,32.6
9,31,22.4,59.37674713,88.69740295,29.99672977,24.01664116,5.524174566,91.90927455,0.139293147,0.120319704,0.137587706,0.118432857,0,0,0,0,37.4967,126.826,50.9312,0.4125,5047.208984,32.3
10,26.7,21.2,63.93164063,89.59251404,26.91807278,22.85698918,4.265457292,42.95299931,0.221372554,0.409180812,0.395780734,0.030303097,0,0,0,0,37.4562,126.955,208.507,5.1782,4879.457031,29.1
4,33.6,24.5,56.51266098,91.70739746,31.25245898,23.54269576,8.04684032,107.133126,0.471798855,0.383203773,0.180342544,0.086529936,0.004464317,0,0,0,37.645,127.022,45.716,2.5348,5620.059082,32.5
19,27.8,19.8,44.53193665,71.94638062,28.88480293,22.55126387,8.041151285,34.41846434,0.412412587,0.329981084,0.504278472,0.429843453,0,0,0,0,37.5776,126.938,75.0924,1.7678,5844.241699,25.1
5,27.3,22.6,54.5303154,92.19165039,29.04539111,22.02326297,6.381966154,123.8926943,0.312434309,0.187493406,0.203692342,0.639841489,0,0,4.66e-05,13.99895281,37.5507,127.135,35.038,0.5055,4640.095215,29.2
12,27.6,22.4,69.33637238,94.05230713,29.71182337,25.3205025,6.764024268,43.99244769,0.705943558,0.718308253,0.265572298,0.282015324,3.497505721,5.825047721,0.004414401,0,37.5507,126.988,132.118,0.5931,5501.149414,33.3
10,28.7,18.8,39.26557541,86.03911591,27.76251316,19.91262759,5.713907272,73.47654482,0.020635235,0.019798638,0.024855437,0.19181813,0.003020859,0,0,0,37.4562,126.955,208.507,5.1782,4413.5,29.9
22,31.6,27.4,76.05241394,91.77680969,28.37476654,25.78733849,6.48901549,52.79779879,0.835188556,0.787218536,0.787844393,0.611166862,0.023942065,3.970949054,1.315020343,0,37.5102,127.086,21.9668,0.1332,5560.20166,31.5
16,28.9,20.3,70.396492,91.65187836,25.62143815,22.38895789,3.877717356,32.45638665,0.322857756,0.579596509,0.632366893,0.640577734,0,0,0,0,37.4697,126.995,82.2912,2.2579,5062.422852,26.2
19,30.4,21.7,28.77672195,85.35150909,34.93937662,23.5966267,7.653025111,60.95863064,0.165796671,0.260295126,0.06268856,0.110367131,0,0,0,0,37.5776,126.938,75.0924,1.7678,5766.221191,33.1
3,30.7,23.4,52.10374069,78.00995636,29.57358321,24.13714813,6.606598357,12.58909613,0.112228233,0.364566334,0.515683372,0.713694236,0,0,0,0,37.5776,127.058,33.3068,0.2661,5096.946289,27.8
22,32.5,27.9,57.57344818,83.23381042,31.53123049,26.84049564,5.108404815,79.71159903,0.581525286,0.336686675,0.321758529,0.532249639,0,0,0,0,37.5102,127.086,21.9668,0.1332,4817.633789,35.5
22,28,21.5,58.14741898,90.74744415,28.59576659,23.71077452,4.485971441,56.82100725,0.261786258,0.452282468,0.383170335,0.045184543,0,0,0,0,37.5102,127.086,21.9668,0.1332,4920.852051,30
25,26.3,23.7,71.7011261,92.61376953,27.60560835,24.97281815,5.714780986,21.104283,0.557582923,0.604508352,0.570331484,0.357821973,0.015070514,0.289519628,0,0,37.5237,126.97,19.5844,0.2713,5684.274902,28.5
21,28.9,23.2,34.35911942,89.52698517,31.06509361,24.09306357,6.54732732,26.39074032,0.273523404,0.276433439,0.154949306,0.146853833,0,0.336707155,0,0,37.5507,127.04,26.298,0.5721,4795.120117,30
17,23.8,14.4,86.58126068,91.54785919,19.17360648,16.24402785,11.56621265,68.80192626,0.781437381,0.912127799,0.901859212,0.806558781,0.220602573,1.751927525,3.776613196,2.787935257,37.6181,127.099,53.4712,0.697,4420.391113,19.7
3,27.8,23.2,50.36068344,82.68881226,30.07968765,22.65650902,6.953356266,44.82076814,0.273966313,0.228515701,0.219455855,0.556514177,0,0,0,2.826656925,37.5776,127.058,33.3068,0.2661,4652.430664,29.4
16,31.8,22.6,51.74404144,91.55448151,32.12553738,24.8906541,5.510320256,89.65748942,0.258995556,0.293616887,0.22152664,0.162134755,0.196511261,0.012845854,0,0.000709818,37.4697,126.995,82.2912,2.2579,5424.245117,32.6
12,24.2,22.8,86.53914642,95.34266663,24.46352131,22.27683679,9.479386061,41.82648031,0.8557261,0.915535665,0.983756559,0.890465635,0.079544324,3.549242646,4.423115472,0.86513323,37.5507,126.988,132.118,0.5931,5832.006836,23.2
8,31.1,23.5,56.60047531,79.2864151,28.26948328,23.91982896,6.560013672,50.79450766,0.101122946,0.372826544,0.475543286,0.635883016,0,0,0,0,37.4697,126.91,52.518,1.5629,5084.35498,27.5
7,25.1,20.6,78.46997833,97.19150543,24.05222692,20.52393833,6.001008689,73.43375262,0.732404808,0.534260436,0.346062882,0.211274044,0.787899262,0.014967654,3.07e-05,0,37.5776,126.838,12.37,0.0985,5808.19043,27.6
8,28.2,21.7,47.8883667,74.62177277,28.63204031,21.10930777,6.105124493,45.87964694,0.074713057,0.029187703,0.138864246,0.080392302,0,0,0,0,37.4697,126.91,52.518,1.5629,4557.605957,31
10,25.6,16.6,57.10750198,92.5241394,24.87960163,20.03413647,8.484187682,44.71795209,0.448559233,0.510072738,0.811305798,0.560042224,0,0,0.002126031,1.538662473,37.4562,126.955,208.507,5.1782,4495.878418,25.9
19,30.3,19.9,56.25305939,89.35543823,28.69759886,23.11486285,6.749552379,37.12397488,0.567860824,0.323535017,0.482064116,0.487496729,0.003589074,0,0,0,37.5776,126.938,75.0924,1.7678,5779.14209,30.1
6,30.5,22.3,61.79960632,93.21099091,29.67967765,23.55914573,7.315035353,59.28647995,0.013227598,0.105623071,0.702119585,0.811795088,0,0,0.077827607,10.5571301,37.5102,127.042,54.6384,0.1457,5832.537598,29.2
12,33.2,25,56.82934952,82.50423431,29.30674779,25.9067852,5.197958887,15.46216075,0.273662251,0.370080725,0.544351602,0.475485316,0,0,0,0,37.5507,126.988,132.118,0.5931,5295.601074,31.2
4,26.1,24,61.3823967,98.6078186,30.7440667,23.70637896,8.135633588,85.38895352,0.423778584,0.276791409,0.19190352,0.078999719,0,0,0,0.019544447,37.645,127.022,45.716,2.5348,5670.164063,30.9
6,33.5,26.9,52.18669128,76.11541748,32.17914116,27.0419685,5.468227486,52.66168809,0.19831157,0.30285917,0.481186825,0.57866683,0,0,0,0,37.5102,127.042,54.6384,0.1457,4870.81543,32.9
15,33.4,23.4,52.01524353,89.65078735,30.46881199,24.18204972,5.654867152,32.90794015,0.29962831,0.307828416,0.25175087,0.210478454,0,0,0,0,37.5507,126.937,30.0464,0.8552,5222.419434,31.3
21,30.9,24.9,66.10073853,87.77693939,27.8805386,24.2332835,8.037523866,18.37221174,0.213342257,0.6101335,0.722589999,0.706007015,0,0,0.001483448,0.158556592,37.5507,127.04,26.298,0.5721,5623.480469,28.2
1,31.6,24,51.37188339,83.72595978,31.64354651,24.21103086,6.664185623,108.4339652,0.001063327,0.032893674,0.114444304,0.047900927,0,0,0,0,37.6046,126.991,212.335,2.785,4915.481445,32.2
10,33.1,21.9,50.15558243,82.97492981,33.37249991,25.17783658,10.35844183,103.9671826,0.48453885,0.321151963,0.311126228,0.59526666,0.009446586,0,0,0.764444465,37.4562,126.955,208.507,5.1782,5379.565918,34.1
6,34.4,22.1,54.54974365,86.09539795,26.83289672,23.7073344,16.47753962,88.91624196,0.565358522,0.326148649,0.165774231,0.000443388,0.285560238,0.236879402,0,0,37.5102,127.042,54.6384,0.1457,5560.45752,27.6
24,32.2,27.2,50.71955872,88.47663879,32.72610921,27.4386681,6.983964761,47.84212804,0.427555914,0.408514644,0.096397533,0.060446482,0.010893396,0.045285842,0,0,37.5237,126.909,17.2956,0.2223,4983.820801,32.7
14,29.6,22.5,62.48991776,87.45471954,27.17096957,23.62695682,4.646034877,9.689728657,0.32555022,0.594588253,0.650850551,0.634072878,0,0.000394301,0,0,37.4967,126.927,30.968,0.618,5086.431152,27.1
15,28.5,22,42.96266937,67.70271301,27.99527463,18.81744937,8.12266921,35.184304,0.118258956,0.200358812,0.158339653,0.464833597,0,0,0,0.004043023,37.5507,126.937,30.0464,0.8552,5711.833496,29.6
19,28.2,23.2,54.81385422,88.82098389,29.98759314,24.31729309,5.5797381,46.86951709,0.312670162,0.184604567,0.048619833,0.144843859,0,0,0,0,37.5776,126.938,75.0924,1.7678,4834.006348,32
9,28.8,20.2,68.93279266,94.49783325,28.69863117,21.95094045,6.992202053,63.76363413,0.053868354,0.117528022,0.66262762,0.8481644,0,0,0.09604251,4.862186981,37.4967,126.826,50.9312,0.4125,5836.035645,28.3
22,29,23.3,31.87690163,91.11008453,32.79535084,23.78928861,5.635184675,98.20492617,0.238573165,0.073525129,0.003321395,0.002009387,0,0,0,0,37.5102,127.086,21.9668,0.1332,4709.788086,33.7
2,28.9,24.4,82.02541351,95.07744598,29.89178977,25.63283461,6.257471909,36.72855039,0.20336621,0.502985016,0.534582592,0.095624416,0,0.224115759,0.164706197,0,37.6046,127.032,44.7624,0.5141,5302.383301,27.3
21,33,27.1,51.79424667,84.11597443,34.47839086,26.93023541,6.480943869,15.9807145,0.087391814,0.090556082,0.293974789,0.118784846,0,0,0,0,37.5507,127.04,26.298,0.5721,5153.790039,33.1
8,32.7,25.4,38.96618271,85.70080566,35.42924924,26.3938503,5.2586975,59.13517221,0.209388378,0.071957892,0.097053884,0.088342985,0,0,0,0,37.4697,126.91,52.518,1.5629,5313.911621,36.6
11,32.6,20.7,37.92018127,77.27518463,33.55004704,24.52971683,6.451454063,71.79087059,0.009317871,0.015764848,0.033859659,0.278279869,0,0,0,0,37.5372,127.085,28.7,0.6233,5795.268066,33.6
6,31.7,28.6,45.3693924,87.93513489,34.60942819,26.16457917,5.279910992,51.50600044,0.206972032,0.176407273,0.16919448,0.619951249,0,0,0,0,37.5102,127.042,54.6384,0.1457,5005.629395,34.4
21,30.4,23.2,52.33101654,81.81071472,28.82749957,22.63597192,9.406216621,26.15707761,0.303492686,0.3342479,0.565047422,0.429993344,0,0,0.018808273,0.274206773,37.5507,127.04,26.298,0.5721,5182.42627,27.3
11,28.9,25.7,53.68870163,94.19740295,30.56076528,24.64113436,7.232533554,70.49938281,0.675009582,0.560041307,0.076510716,0.019608134,1.481108096,1.706423536,0,0,37.5372,127.085,28.7,0.6233,5493.429199,31.2
25,28.4,21.1,40.52876282,76.41333771,33.23523762,24.01992586,6.254580498,18.87808307,0.119733743,0.012675472,0.141755369,0.062887081,0,0,0,0,37.5237,126.97,19.5844,0.2713,5795.938965,33.2
4,27,22.4,66.5644989,99.82659912,27.62654369,21.18165093,6.713916858,97.69100763,0.664485179,0.25362788,0.066222662,0.202568032,0.40533946,0.033548483,0,0,37.645,127.022,45.716,2.5348,5845.616211,28.6
6,30.5,22.9,54.68335724,84.5561676,28.37233237,22.5413734,7.869095087,51.00270796,0.347115031,0.317298648,0.562017069,0.47456087,0,0.001412723,0.060363998,0.259840605,37.5102,127.042,54.6384,0.1457,5190.454102,28.1
3,28.9,23.4,73.24276733,87.39316559,27.83848535,25.20123457,10.82409939,14.13754682,0.553792578,0.737162309,0.669692025,0.671497311,0.00143523,0,0.021067838,0.001909322,37.5776,127.058,33.3068,0.2661,5721.618652,29
8,32.3,26.7,73.38291931,90.08168793,28.99094661,24.14548857,7.400484254,67.70068121,0.717412314,0.526702954,0.526395643,0.324551262,2.267859717,0.072672172,0,0,37.4697,126.91,52.518,1.5629,5733.061523,27.1
22,34.5,24.6,48.11857224,80.32226563,34.11953719,26.6635981,5.786535472,85.04305665,0.323822868,0.259308083,0.29201601,0.627776071,0,0,0,0.001450902,37.5102,127.086,21.9668,0.1332,4782.181641,33.9
10,30.1,24.4,76.24972534,93.59814453,27.96270346,25.45541652,9.144358675,38.32364497,0.293753611,0.281718534,0.375127783,0.206498522,0,0,0,0,37.4562,126.955,208.507,5.1782,5352.822754,31.4
4,28.7,24.5,92.00649261,99.77135468,22.66988598,18.90282898,13.10512424,45.39350535,0.72737428,0.761357259,0.612908696,0.419956111,0.556797429,4.978181044,1.905063391,0.705846508,37.645,127.022,45.716,2.5348,5700.435059,23.9
13,29.3,21.1,42.4792366,89.68280029,30.82655811,22.98421404,5.040779829,28.73085823,0.176240189,0.132710451,0.290851843,0.153294361,0,0,0,0,37.5776,127.083,59.8324,2.6865,4984.21582,31.8
25,28.9,25.7,54.3481369,92.34745789,28.24456693,22.87914913,5.81706501,45.35149356,0.831613415,0.702434775,0.382994762,0.080426228,10.07680049,0.047317872,0,0,37.5237,126.97,19.5844,0.2713,4825.774902,29.5
24,33.9,24.8,42.16103363,89.14442444,30.52009168,23.25628833,7.736568709,56.06367016,0.100025285,0.054682189,0.001433801,0.170133779,0,0,0,0,37.5237,126.909,17.2956,0.2223,5769.862305,33.8
1,22.8,20.3,61.98339462,98.22837067,26.49936132,21.03437765,5.658450097,77.77862024,0.655143976,0.567611528,0.513969868,0.161409705,0.004396559,0.127559042,0.398208983,0,37.6046,126.991,212.335,2.785,5415.057617,24.8
25,32.8,24.9,39.9763298,86.77164459,27.00650181,22.12871109,10.66589857,33.9330489,0.846214097,0.607077114,0.377974496,0.205516621,0.493321556,0.052980299,0,0,37.5237,126.97,19.5844,0.2713,4607.025879,28
3,33.8,27.9,64.02477264,86.9316864,31.08028048,25.03643481,10.47144314,73.64013549,0.664129836,0.539499208,0.79917626,0.706742628,1.181427777,0,0.893434127,0.048179114,37.5776,127.058,33.3068,0.2661,5374.033691,29.5
8,28.9,20.4,71.91465759,90.3301239,29.25306458,23.26340416,8.893550952,27.4541897,0.211608881,0.500528853,0.463983483,0.78669449,0,0,0,0.047643459,37.4697,126.91,52.518,1.5629,5845.816895,27.1
10,30.4,22.3,49.15478134,91.90270996,24.52244992,20.4255449,10.59780817,84.14187201,0.86144992,0.601070326,0.386628563,0.324720618,1.44416513,0.201389949,0,0,37.4562,126.955,208.507,5.1782,4536.443359,27.5
15,27.8,22.1,47.57870102,87.09291077,31.83739842,24.00846642,6.631783019,40.67633531,0.723561575,0.105087762,0.207147331,0.17282952,3.645418892,0,0,0,37.5507,126.937,30.0464,0.8552,5849.007324,31.9
15,30.7,24.6,47.8314743,79.51825714,31.30925753,24.79816667,5.864882658,22.28873132,0,0.000550327,4.09e-05,0.012992429,0,0,0,0,37.5507,126.937,30.0464,0.8552,5764.636719,32
17,25.9,21.9,45.23576736,96.6860733,29.79159621,22.22053452,3.943873495,107.6534315,0.753348986,0.584528298,0.094103873,0.45451514,0.713404981,0.27039004,0.05607633,0.005411675,37.6181,127.099,53.4712,0.697,5598.242676,24.5
21,33.1,25.9,44.09204865,81.17081451,32.63112948,27.67583283,6.250422508,12.31828266,0.138730189,0.151166826,0.224392418,0.026492243,0,0,0,0,37.5507,127.04,26.298,0.5721,5062.609375,32.8
2,30.5,21.9,50.97660828,92.95772552,30.96603932,24.0263368,5.053231239,53.98129781,0.321603183,0.550258298,0.166400864,0.086232026,0,0,0,0,37.6046,127.032,44.7624,0.5141,5191.268555,32
24,31.9,25.1,52.93346787,87.12924194,30.61209025,24.4463877,5.804441472,39.95091208,0.339887189,0.608667083,0.159620611,0.149005087,0,0,0,0,37.5237,126.909,17.2956,0.2223,5168.284668,32.7
16,26.4,23,87.50111389,94.92615509,24.42882628,22.39984364,13.11237963,82.49171495,0.590920673,0.332320307,0.649508593,0.652613843,1.765146385,0.438526404,0.273232549,1.455158595,37.4697,126.995,82.2912,2.2579,5753.311035,24.4
7,28,21.1,48.36114883,92.03580475,30.57230639,21.55830274,4.493853519,124.4100006,0.012199657,0.004340278,0.034678794,0.083884731,0,0,0,0,37.5776,126.838,12.37,0.0985,5645.98291,33.2
13,32.4,26.9,45.73649979,84.29541016,32.75263586,27.12215678,9.124785523,34.82389724,0.52408557,0.353512591,0.093687536,0.081383887,0.031536142,0,0,0,37.5776,127.083,59.8324,2.6865,4951.04834,33.2
3,32.3,24,42.4171524,72.53476715,33.32309751,25.75469332,6.605013827,19.12445525,0.442303244,0.369258206,0.190825116,0.071521312,0.015272906,0,0,0,37.5776,127.058,33.3068,0.2661,5627.421875,31.7
7,28.3,23.3,41.64751816,86.44090271,30.35346593,21.62251011,4.879174292,125.9056895,0.325659701,0.135356843,0.000107231,0.017734232,0,0,0,0,37.5776,126.838,12.37,0.0985,5808.19043,32.2
14,28.6,19.6,35.66621399,71.03846741,26.94950434,20.3092827,6.059721251,16.70623517,0.081677368,0.449975987,0.393483063,0.499331231,0,0,0,0,37.4967,126.927,30.968,0.618,4602.03125,26.7
5,27.2,23.7,49.15456009,94.61745453,27.55662701,23.79034772,6.791419407,117.6373796,0.177333648,0.118187294,0.037377038,0.194273768,0,0,0,0,37.5507,127.135,35.038,0.5055,4485.424805,29.8
15,30.1,22.3,71.99641418,93.12306976,28.5688745,24.35299855,8.106823862,53.13381036,0.905583209,0.798450592,0.662912915,0.832009051,2.391633064,1.457257997,0.000193788,0.278129033,37.5507,126.937,30.0464,0.8552,5517.881836,26.2
23,28.5,23.2,46.49197006,75.49440002,27.55852328,18.39987806,8.527312835,108.4894891,0.126988793,0.196682592,0.126132349,0.466798779,0,0,0,0,37.5372,126.891,15.5876,0.1554,5694.667969,30.3
22,30.4,23.3,36.90479279,85.284729,32.0978779,22.78980571,5.943864435,109.4080246,0.103597016,0.066788665,0.014745048,0.02924482,0,0,0,0,37.5102,127.086,21.9668,0.1332,5050.93457,31.8
15,28.2,26,60.67936707,89.65005493,31.30811982,26.31532996,4.806564987,12.06885407,0.305482061,0.590763728,0.336102003,0.223830003,0,0,0,0,37.5507,126.937,30.0464,0.8552,5596.511719,27.4
2,29.4,18.4,39.39408112,89.10990906,27.9851982,19.54810825,4.617095957,53.07285051,0.120478627,0.252472771,0.161191706,0.102989415,0,0,0,0,37.6046,127.032,44.7624,0.5141,4463.794434,27.6
1,27.9,19.7,57.32327652,98.41091919,26.8260151,20.85217081,7.206028889,98.07310581,0.865220605,0.471344831,0.234828046,0.061475156,0.265694468,0.049826821,0,0,37.6046,126.991,212.335,2.785,5630.507813,27.8
1,20.7,17.8,83.48825073,99.71987152,22.35101082,19.85851586,10.13182457,36.22889894,0.499746971,0.342624803,0.30758064,0.324832247,0.732259278,0.377714127,0.068617007,0.10372344,37.6046,126.991,212.335,2.785,5827.258789,20.7
23,25.4,24.4,89.27256012,94.43029785,24.85722107,22.79171405,8.702003757,42.09271626,0.822425952,0.870306035,0.964020782,0.879996098,0.129473151,3.900577833,4.838818073,0.938692971,37.5372,126.891,15.5876,0.1554,5759.94873,24.7
12,29.9,23.3,32.18346024,83.16103363,32.72867142,22.77213631,6.87620916,30.80024191,0.07662968,0.096510243,0.002492566,0.00437159,0,0,0,0,37.5507,126.988,132.118,0.5931,5179.077148,32.2
9,24.7,20,61.82159805,95.36985016,27.41227889,21.75030347,4.157528013,69.40636619,0.380759401,0.449920545,0.367012106,0.557838577,0.387520452,0,0,0,37.4967,126.826,50.9312,0.4125,4881.014648,28.5
15,33.3,23.6,42.55222702,83.64067078,32.63088306,23.5680561,5.656387533,37.79247443,0.240598287,0.140979436,0.195173336,0.301539378,0,0,0,0,37.5507,126.937,30.0464,0.8552,5787.470703,34.2
17,29.8,19.9,44.89979935,96.56739044,31.28311995,20.32276891,4.591554726,138.9767605,0.003100093,0.013617035,0.265181795,0.217737983,0,0,0,0,37.6181,127.099,53.4712,0.697,5518.56543,30.4
3,33.1,26.5,53.57500839,83.35736084,33.92900187,27.11957068,6.264220287,38.68088508,0.121296623,0.083481452,0.413523332,0.14219101,0,0,0.398007686,0.024205454,37.5776,127.058,33.3068,0.2661,5157.235352,34.9
6,31.7,23.9,50.23119354,87.25697327,29.15051884,22.37820614,7.446949075,50.82783087,0.118890961,0.213127942,0.316339985,0.139387339,0,0,0,0,37.5102,127.042,54.6384,0.1457,5730.499023,31.2
7,23.7,20.6,77.25836182,96.52519989,24.76358275,20.73158964,3.892795165,57.16046961,0.903635267,0.848837766,0.368801479,0.295732547,1.718399907,0.595572464,0,0,37.5776,126.838,12.37,0.0985,4884.982422,24.6
1,26.8,22.6,69.2281723,95.86040497,28.51350137,23.24942716,7.372431974,62.43149082,0.509566051,0.520149977,0.195956919,0.14640293,0.003302511,0.00104026,0,0,37.6046,126.991,212.335,2.785,5780.611328,26.7
3,30.8,25.1,70.54349518,87.3000946,29.91418562,26.09293171,7.875973324,10.99270459,0.606345171,0.750049748,0.541290565,0.195893346,0.061768079,1.162078419,0.000832262,0,37.5776,127.058,33.3068,0.2661,5323.231445,33
1,28.5,19.9,48.86915588,81.59474945,30.79557534,23.06482633,8.349506279,119.9229831,0.044808492,0.148915978,0.29331253,0.272594844,0,0,0,0,37.6046,126.991,212.335,2.785,5780.611328,30.5
2,29,22.7,51.34027481,88.06150055,29.30859867,23.03585361,8.288173715,58.03494408,0.177256178,0.144382392,0.012299497,0.055556394,0,0,0,0,37.6046,127.032,44.7624,0.5141,5578.307617,30.7
5,29.3,17.4,33.81906509,78.84921265,29.27017378,19.72973397,6.56295384,153.8062212,0.402871694,0.134405164,0.022469823,0.124045389,0.02805986,0,0,0,37.5507,127.135,35.038,0.5055,5834.413086,30
18,27.1,21.6,45.61595535,93.34130859,30.10003792,20.39791184,4.639659385,96.67810199,0.121146291,0.096601241,0.049572029,0.00678365,0,0,0,0,37.4832,127.024,56.4448,1.2313,5526.574707,32.2
23,33.7,26.7,57.91458893,81.40909576,29.57472436,25.94470688,7.376619518,80.11035013,0.542031097,0.748950187,0.498378733,0.579466825,0.001153512,0.391579588,0.212947329,0,37.5372,126.891,15.5876,0.1554,5578.04541,32.3
23,29.4,23.5,50.14826965,90.11128998,28.50776729,22.26644748,4.57629627,57.98460428,0.161545653,0.287540316,0.366126774,0.581696304,0,0,0,0,37.5372,126.891,15.5876,0.1554,4710.883301,31.2
10,31.8,18,59.95246124,91.58323669,27.78334543,22.4545963,5.924127291,60.46516212,0.198223006,0.464495903,0.169695189,0.240049176,0,0.083347005,0.221835527,0,37.4562,126.955,208.507,5.1782,5838.026855,29.4
23,35.7,27.2,50.64014816,87.12740326,33.8655226,28.28831676,5.866477698,103.8349098,0.063476972,0.016631122,0.013499055,0.012817653,0,0,0,0,37.5372,126.891,15.5876,0.1554,5051.400391,36
21,30.5,24.3,63.79328156,91.54259491,28.36324414,23.1688291,11.89693717,82.01732894,0.601481146,0.858259993,0.767106242,0.614047465,0.886908944,10.05140224,0.283085242,2.948905339,37.5507,127.04,26.298,0.5721,5853.975098,28.2
13,27.9,21.7,26.04264069,84.1392746,28.95483011,20.76052562,8.651890218,41.69169279,0.077175606,0.316045961,0.091776347,0,0,0.152687341,0.303015653,0,37.5776,127.083,59.8324,2.6865,5855.550293,29.1
11,30.1,25.1,73.02901459,86.22327423,27.66542798,26.18514907,8.849348009,30.1777883,0.666778303,0.650171408,0.668670306,0.468183006,0,0,0.03130956,0,37.5372,127.085,28.7,0.6233,5646.600098,29.4
19,30.5,22.8,71.07991028,90.45560455,26.9870676,24.25777006,8.660704494,22.76598938,0.221232549,0.562500944,0.670835945,0.787734651,0,0,0.00012966,0.071560396,37.5776,126.938,75.0924,1.7678,5659.175293,27.7
21,26.5,24.3,53.68828583,85.1700058,31.20199544,25.39982922,6.601449807,7.448021809,0.637852917,0.635388983,0.373059238,0.34055415,0,0,0,0,37.5507,127.04,26.298,0.5721,5486.67627,30.1
4,31.1,22.4,67.26273346,98.65275574,29.7194828,22.22127651,8.240228732,53.85466397,0.060837584,0.082456107,0.59590023,0.92121819,0,0,0.01874544,7.818762228,37.645,127.022,45.716,2.5348,5815.985352,29.9
18,31.3,22.7,43.21160889,82.23538971,32.87365583,23.55644473,5.629041831,82.98656789,0.466066628,0.255990417,0.366409264,0.098414463,0,0,0,0,37.4832,127.024,56.4448,1.2313,5794.006836,35.5
19,34.3,23.6,68.00223541,86.25795746,27.26088108,23.25589236,4.739836484,41.0928065,0.76616239,0.409430602,0.756657131,0.533175939,0.38901481,0,0.090612358,1.179708069,37.5776,126.938,75.0924,1.7678,5791.473633,31.4
23,28.1,25.2,48.87308884,88.67380524,33.6608713,25.42646809,5.527132154,83.89746078,0.259385877,0.265520866,0.376499471,0.300289643,0,0,4.638252109,0,37.5372,126.891,15.5876,0.1554,5559.503418,36
20,30.7,19.9,42.9878273,74.20861816,28.46594346,21.26286844,6.663943946,60.46607653,0.267994444,0.265994069,0.308398192,0.422972143,0,0,0,0,37.6181,127.004,146.554,4.7296,5892.493652,29.2
4,25.8,22.8,56.38785934,98.69831085,29.14453862,21.97571879,4.727320621,86.68449825,0.752367881,0.508496952,0.230493495,0.453396447,0.503854792,0.04539177,0.011378847,0.012088637,37.645,127.022,45.716,2.5348,5583.532715,25
13,33.3,26.8,58.0880928,89.9989624,32.06644727,26.14852125,5.784034858,57.77711376,0.643802869,0.492914776,0.197626509,0.082144011,4.230234944,1.348206522,0.00890126,0,37.5776,127.083,59.8324,2.6865,5410.96875,34.1
23,35.3,24.8,46.19065857,75.64031219,32.40223005,24.93701014,7.608294715,103.1922205,0.046480689,0.00511463,0.278498931,0.072456848,0,0,0,0,37.5372,126.891,15.5876,0.1554,5539.772949,33.5
15,32,26.8,50.56885529,70.23636627,31.45544081,26.58045347,6.140440484,19.54402022,0.437377694,0.400301309,0.290037162,0.065116875,0,0,0,0,37.5507,126.937,30.0464,0.8552,4699.857422,32.8
1,28.3,22.8,61.00611496,95.4706955,28.17015863,23.83957958,6.280590544,75.25172507,0.363474004,0.314017964,0.284918997,0.481440412,0,0,0,0,37.6046,126.991,212.335,2.785,5746.562988,27.7
9,26,23.1,71.28292084,97.66108704,28.39120501,23.36850513,9.785020669,72.31725931,0.886209746,0.710820037,0.431853597,0.298701989,1.339751962,0.000240351,0,0,37.4967,126.826,50.9312,0.4125,5807.630859,25.6
19,27,19.5,41.47189713,87.05697632,29.10743184,21.05813051,5.922293723,35.90475484,0.055784893,0.134875465,0.01668813,0.005156216,0,0,0,0,37.5776,126.938,75.0924,1.7678,4574.11377,31
2,29.5,20.5,34.61936569,83.52919769,28.84987446,19.79474839,6.002242436,73.59539044,0,0,0.062755483,0.049330134,0,0,0,0,37.6046,127.032,44.7624,0.5141,4657.507813,28.4
11,32.5,25.9,65.36289215,88.95835114,31.46881348,26.8312664,7.685862044,50.26276,0.184049879,0.253936829,0.23219837,0.148115224,0,0,0.066596321,0,37.5372,127.085,28.7,0.6233,5327.157715,30.3
14,28.6,24.1,51.67594528,93.78217316,29.2109976,24.11354562,9.346889456,42.85475004,0.939280924,0.666307399,0.14316208,0.414982558,4.120513946,0.668461939,0,0,37.4967,126.927,30.968,0.618,5602.112793,25
8,35.5,26,45.02843857,86.79283905,34.27897424,27.44137437,6.035545121,53.20534917,0.2042672,0.053795223,0.041810459,0.004741168,0,0,0,0,37.4697,126.91,52.518,1.5629,5084.35498,34.8
16,30.4,23.1,77.36975861,89.73621368,28.85631293,25.22312307,8.171018581,72.30899239,0.392714674,0.680620165,0.46477913,0.080517636,0.052367746,2.178046584,0.0007808,0,37.4697,126.995,82.2912,2.2579,5296.883301,32.4
18,29.8,24.1,58.29005814,86.56103516,28.51689133,23.07293649,5.773988883,70.15893702,0.119824493,0.22783722,0.348498496,0.002020523,0,0,0.002090138,0,37.4832,127.024,56.4448,1.2313,4554.502441,32.8
21,33.6,27.1,41.4787674,81.65021515,33.54556499,26.54728988,6.831522107,25.64214536,0.360004696,0.17511862,0.108831381,0.030584348,0.012573591,0,0,0,37.5507,127.04,26.298,0.5721,4966.347656,34.7
1,23.8,20.9,65.86340332,99.9491806,25.851262,19.71408318,10.23108828,78.2132379,0.692017416,0.315089768,0.115504167,0.309730125,0.405180489,0.04755617,0,0,37.6046,126.991,212.335,2.785,5981.979492,25.4
19,30,19.9,39.98436737,82.12306976,31.3087025,21.86947342,6.203349094,39.56528962,0.039859103,0.076320174,0.039934157,0.11392842,0,0,0,0,37.5776,126.938,75.0924,1.7678,5893.578125,31.9
14,31.2,21.1,28.44592285,82.96162415,33.9275244,22.2291591,6.924096982,19.6286689,0.04416674,0.005166075,0.05288724,0.169248285,0,0,0,0,37.4967,126.927,30.968,0.618,4958.466797,32.3
7,29.1,24.6,59.52386856,92.47280884,30.28194326,24.28169602,4.857175628,88.27305706,0.355842462,0.417358499,0.560119398,0.641062533,0,0,0.303716878,0.309055676,37.5776,126.838,12.37,0.0985,5452.395508,30.2
25,28.6,24.3,38.59895706,77.9811554,28.86505283,22.22853181,7.479918162,20.79046472,0.223915676,0.227230877,0.297848167,0.259428773,0,0,0,0,37.5237,126.97,19.5844,0.2713,4451.345215,29.2
20,32.8,22.8,58.07752991,94.6092453,29.64081632,22.657111,6.414314767,104.7854778,0.08943502,0.064971294,0.212301277,0.128246206,0,0,0,0,37.6181,127.004,146.554,4.7296,5122.638184,31.9
19,31.6,22.4,65.18628693,90.37488556,28.83139744,24.95316147,8.462841918,36.04111167,0.369019179,0.652666755,0.735509026,0.560540172,0,0.252987777,0,0.042134598,37.5776,126.938,75.0924,1.7678,4798.291504,30.2
22,26.8,23.5,68.81653595,94.54647827,30.01560386,23.58461197,6.886460165,34.42916954,0.746825291,0.718059441,0.368722698,0.364025973,2.962552907,0.368075192,0,0,37.5102,127.086,21.9668,0.1332,5723.705566,30.2
22,26.7,23.8,76.10057068,92.50948334,28.18487918,24.29173645,7.618094186,42.39568464,0.505335527,0.39676097,0.274309826,0.285454249,0.666130371,0,0.002630101,0,37.5102,127.086,21.9668,0.1332,5793.305176,28.2
23,36,26.8,53.87557602,77.31777191,33.93076529,27.67162469,5.535523991,102.3724729,0.222500727,0.054895309,0.086781224,0.020628025,0.112833496,0.010831172,0,0,37.5372,126.891,15.5876,0.1554,5282.941406,37.2
6,24.6,20.9,72.29096985,95.63173676,25.15640135,20.73946321,5.535838981,42.01787392,0.865766515,0.811275222,0.462314792,0.274433124,1.532142897,3.02450326,0.397455451,0,37.5102,127.042,54.6384,0.1457,4905.316406,23.9
9,31,22.3,83.06123352,91.19226837,22.77952206,20.83726316,6.897283912,59.33664179,0.692977432,0.613279727,0.687550067,0.339166488,0.219422622,0.658276811,0.504361412,0,37.4967,126.826,50.9312,0.4125,5865.608398,24
23,33,23.9,53.62675476,88.01753235,32.17839699,25.37417379,6.543948362,96.51879072,0.010883176,0.021010466,0.125772342,0.329632054,0,0,0,0.079923604,37.5372,126.891,15.5876,0.1554,5818.678711,34.5
16,27.1,21.3,51.36657333,79.54982758,26.19823161,18.3814347,9.408138633,95.65927823,0.107299177,0.21200978,0.141783675,0.439386223,0,0,0,0,37.4697,126.995,82.2912,2.2579,5697.509766,28.7
6,28.4,22.8,53.49436569,91.16558075,33.18675208,24.8452221,5.921512634,45.57388186,0.58705684,0.458529437,0.183981716,0.082423506,0.004881256,0,0,0,37.5102,127.042,54.6384,0.1457,5275.238281,33.2
23,32.5,24,51.77247238,93.89966583,30.91048632,23.52677078,5.390873909,85.97706056,0.114602124,0.221446325,0.127165555,0.096851805,0,0,0,0,37.5372,126.891,15.5876,0.1554,5826.388184,33.4
22,32.3,25.5,51.81059647,78.17362213,32.25444682,24.96549461,5.49977681,75.34064134,0.164771095,0.579744417,0.291444256,0.370315646,0,0,0.012320746,0,37.5102,127.086,21.9668,0.1332,5597.311523,34.8
10,31.7,24.2,60.10852814,82.29390717,28.38876193,25.05785313,6.512009144,67.38616562,0.366409384,0.684184704,0.604207839,0.495367477,0,0.104443302,0.715534248,0,37.4562,126.955,208.507,5.1782,5591.03418,30.4
24,31.1,22.4,54.66804886,88.44480896,28.91727761,24.11138273,6.589995394,44.13529102,0.571718312,0.35676686,0.51412557,0.506983712,0.012803245,0,0,0,37.5237,126.909,17.2956,0.2223,5734.145996,30.8
19,32.4,22.4,39.57551956,75.44509888,35.22459354,26.76109854,6.384170314,40.11766978,0.048910504,0.111384349,0.444609966,0.360808842,0,0,0,0.00088331,37.5776,126.938,75.0924,1.7678,5814.327148,34.4
11,30,24.8,49.45397949,84.7481842,32.2911128,25.17947779,4.42566962,52.72104867,0.199916138,0.134990065,0.085829064,0.043738975,0,0,0,0,37.5372,127.085,28.7,0.6233,5425.785156,33.5
11,31.6,24.9,74.58840942,93.73477936,28.43365948,26.06369908,7.191967587,48.96541405,0.406005445,0.841037061,0.861825075,0.591590905,0.00295782,1.221982834,0.340078595,0.089907896,37.5372,127.085,28.7,0.6233,5514.796875,29.2
19,31.9,23.5,49.06023026,85.11476898,30.7289601,24.35154298,6.744394471,34.19454326,0.065198272,0.263137463,0.079072373,0.146582148,0,0,0,0,37.5776,126.938,75.0924,1.7678,5676.257813,31.4
3,27.1,20,55.40068054,86.87789154,27.70119321,22.19097096,4.390503506,9.073594391,0.601648562,0.749977203,0.518933224,0.355603119,0,0.000394229,0,0,37.5776,127.058,33.3068,0.2661,5813.828125,28.7
8,28.3,24.8,59.56720352,95.58254242,27.66604175,21.49384469,5.248063087,59.0185018,0.877823848,0.575204973,0.348021594,0.090970357,11.65794273,0.122668051,0,0,37.4697,126.91,52.518,1.5629,4817.585449,28.8
8,31.4,27.1,53.0672493,77.10250092,30.88617223,25.59327168,5.822490394,57.94453796,0.446837961,0.390441395,0.268018184,0.070033452,0,0,0,0,37.4697,126.91,52.518,1.5629,4671.646484,33.9
20,29.7,20.2,70.8861618,96.62612152,24.52922847,22.43322558,10.44252835,93.19862401,0.478770032,0.415141797,0.538359533,0.676106112,0,0.000275876,0.289995356,0.833846964,37.6181,127.004,146.554,4.7296,4782.768555,28.1
4,33.6,24.1,61.35551834,98.92766571,29.34317242,22.72563807,5.316956302,84.28827718,0.291490884,0.365696067,0.270281936,0.185163164,0,0.000228102,0.000179717,0,37.645,127.022,45.716,2.5348,5205.58252,31.6
10,28.4,19.4,58.67096329,94.93306732,26.34483234,21.95475269,6.265716294,51.93653855,0.146523794,0.292482639,0.451797069,0.834759785,0,0,0,0.000923198,37.4562,126.955,208.507,5.1782,5893.608398,28.2
10,29,21.2,46.59924698,82.54407501,31.22900078,22.71201186,6.259494692,55.92691954,0.482098807,0.267928157,0.384519475,0.115078132,0,0,0,0,37.4562,126.955,208.507,5.1782,5816.259766,33
8,31.6,24.6,50.10383987,83.71087646,31.34187528,24.19299701,5.749634584,47.96489124,0.137465479,0.099856048,0.273193506,0.130374254,0,0,0.003221507,0,37.4697,126.91,52.518,1.5629,5020.958008,30.5
19,30.2,23.5,80.4964447,95.40782928,26.07049163,24.26569075,6.277778029,42.7999417,0.854934567,0.823166822,0.64543631,0.682317929,1.047107658,0.553509514,0.003876378,0.084846756,37.5776,126.938,75.0924,1.7678,5623.189941,24.3
22,28.9,25,54.39712906,93.36518097,29.18523295,24.4028115,8.30625244,91.62680356,0.921071559,0.710797905,0.181947717,0.249827877,3.92449075,0.921125249,0,0,37.5102,127.086,21.9668,0.1332,5597.311523,25.6
7,28.7,22.3,91.55068207,98.09624481,25.41447971,23.73715156,8.944909831,71.69838683,0.86484369,0.870778965,0.893244793,0.871212814,1.054399669,0.167609672,0.955907777,2.023003515,37.5776,126.838,12.37,0.0985,5843.853516,26.8
2,28.4,23.7,75.80661011,92.23911285,26.90029991,24.1412873,4.390587509,30.60114733,0.678240961,0.552269623,0.783883002,0.66524091,0.041329138,1.231061919,0,0,37.6046,127.032,44.7624,0.5141,5517.529297,25.8
2,27,21.4,80.42021179,92.3207016,26.13158107,22.3692417,5.880798876,28.63141036,0.813762183,0.786677537,0.875981695,0.786026037,0.208615874,0.67858012,3.343768261,0.038321832,37.6046,127.032,44.7624,0.5141,4873.549805,24.1
4,23.8,19.7,82.72240448,99.97013092,24.33425773,20.64926904,7.26180472,50.42353034,0.492046095,0.340456784,0.229568875,0.285884486,1.204687188,0.195643036,0.030768882,0.056674524,37.645,127.022,45.716,2.5348,5685.614258,23.6
22,35.8,27.5,47.10156631,79.8855896,33.64290042,25.83728429,5.458093574,112.4770357,0,0.010345965,0.187502142,0.079721529,0,0,0.175095538,0,37.5102,127.086,21.9668,0.1332,4746.239746,34.4
8,29.1,26.2,63.41884613,96.14496613,28.11763481,22.481146,10.46430735,67.96657797,0.871630905,0.449637213,0.083795831,0.336442061,5.588912281,0.006771481,0,0,37.4697,126.91,52.518,1.5629,5704.723633,26.3
11,29,24.4,57.07145691,92.49519348,31.30577832,24.67101943,4.996707767,45.60511104,0.510128211,0.489107812,0.256996684,0.206454527,0.013764913,0,0,0,37.5372,127.085,28.7,0.6233,5646.600098,30.1
22,27.6,23.8,82.65930176,98.17333221,25.88077508,23.29721376,10.17700863,69.72483206,0.81437072,0.828351268,0.676288854,0.813091414,5.296226531,3.557506228,0,0.070358557,37.5102,127.086,21.9668,0.1332,5841.537598,28.5
14,34.2,24.4,63.95281219,85.34719086,27.94913575,24.36911878,4.796656221,31.23051174,0.746481039,0.337573567,0.668530208,0.47310303,0.330094561,0,0.19482823,0.305822921,37.4967,126.927,30.968,0.618,5754.252441,30.8
14,31.3,23.7,56.37667847,87.95932007,29.79463192,26.26696591,8.121972402,23.3403518,0.365827931,0.669621606,0.674971345,0.582378174,0,0.271718212,0,0.001354561,37.4967,126.927,30.968,0.618,4750.348633,31
18,26.8,22.8,82.0847168,94.44692993,27.20487902,24.00251865,7.626323233,50.38809896,0.840340212,0.82046987,0.718639275,0.521653493,14.11956946,3.566638883,0,0,37.4832,127.024,56.4448,1.2313,5719.58252,29.6
12,25.5,20.4,44.15875626,69.25878906,26.70432197,17.72448331,9.836863339,27.74376917,0.109129076,0.204081471,0.156979672,0.484502277,0,0,0,0.005395553,37.5507,126.988,132.118,0.5931,5766.102051,26.9
25,31.4,25.8,71.88366699,89.79347992,29.61934262,25.91052988,8.125439405,39.96015575,0.504085652,0.762778111,0.553287913,0.139423663,0.047146216,1.216223523,0.000809037,0,37.5237,126.97,19.5844,0.2713,5315.115723,33.8
2,30.8,25.7,46.687603,85.57444763,33.87686667,25.1954872,4.860299726,80.17845325,0.116074042,0.146158615,0.035086732,0.056673883,0,0,0,0,37.6046,127.032,44.7624,0.5141,5302.383301,33.9
13,34.1,27.7,36.72560883,83.56676483,34.25035437,26.99858014,7.062922796,35.64781566,0.163060539,0.147745013,0.032464698,0.001915647,0,0,0,0,37.5776,127.083,59.8324,2.6865,5080.226563,34.2
17,24.7,19.8,66.91490173,96.86070251,25.6498882,20.09653926,5.00068755,83.23984659,0.859466273,0.637507833,0.332881422,0.323053119,1.223354523,0.2136135,0.058289262,0,37.6181,127.099,53.4712,0.697,5831.25,28
14,29.5,23.4,54.14718628,96.13341522,29.96620285,25.09844479,7.571942667,39.85949002,0.597838669,0.343102169,0.161984882,0.04171869,2.897195938,0,0,0,37.4967,126.927,30.968,0.618,5437.17041,29.7
7,31.8,22.8,54.35913467,94.20986176,29.23027159,23.97586282,5.688122163,136.319116,0.077477932,0.146590999,0.058928314,0.063102024,0,0,1.116502379,0,37.5776,126.838,12.37,0.0985,5079.775879,30.9
5,22.7,19.6,74.84859467,97.18080902,24.60007479,20.99875658,7.939463556,85.26479197,0.562846892,0.356644392,0.214492824,0.230251155,0.482505843,0.163267778,0.003219473,0.006664065,37.5507,127.135,35.038,0.5055,5687.061035,23.8
7,32.3,26.3,73.35897064,93.26609802,29.55969871,24.36192589,7.0299293,130.9474454,0.746881159,0.523050545,0.440760511,0.278163541,1.571058512,0.030617691,0,0,37.5776,126.838,12.37,0.0985,5720.304688,26.8
13,28.7,22,43.76903152,92.2084198,32.57319611,23.17580072,6.470117311,69.86449846,0.746611433,0.159544402,0.237721936,0.134749226,2.574207465,0,0,0,37.5776,127.083,59.8324,2.6865,5842.81543,32.8
11,29.4,25.5,66.12171936,85.55726624,30.00345365,26.95052448,8.35739096,37.94013015,0.38479147,0.376067401,0.369181967,0.192546369,0,0,0.006269143,0,37.5372,127.085,28.7,0.6233,5377.675781,33
5,28.7,19.6,43.43900299,90.95850372,28.16295025,19.79913678,5.545818388,125.242681,0.025258728,0.007504098,0.072565985,0.210681532,0,0,0,0.013709202,37.5507,127.135,35.038,0.5055,4485.424805,29.3
25,28.4,19.1,50.62333679,87.01927185,25.43657651,18.91940963,8.800985783,63.04421,0.676064967,0.382487753,0.512447376,0.618056505,0.379638731,0,0.109129022,0.788510918,37.5237,126.97,19.5844,0.2713,4530.068848,24.2
15,31.5,25.7,52.36444473,85.74032593,31.96982585,27.05916302,9.127749622,40.81791544,0.426312,0.346245839,0.089567945,0.043306523,0.165193738,0,0,0,37.5507,126.937,30.0464,0.8552,4978.878418,32.1
11,30.7,24.1,50.72141647,84.58755493,30.48364255,22.96339723,7.589433312,55.03942974,0.137797246,0.271024233,0.37346892,0.241094351,0,0,0,0,37.5372,127.085,28.7,0.6233,5708.97998,29.5
13,29.1,20.8,28.34862137,75.98625946,28.66708124,19.10620095,8.079056978,34.72247597,0,0,0.055149838,0.008138099,0,0,0,0,37.5776,127.083,59.8324,2.6865,5849.480469,28
21,31.1,25.8,70.34299469,97.47344208,29.15662158,25.99784495,7.369349221,47.92874893,0.484239464,0.854579531,0.923432605,0.540165003,0.001925224,1.514497332,1.521516678,0.231479984,37.5507,127.04,26.298,0.5721,5508.149414,29.2
22,28.3,22.8,82.13122559,91.92873383,26.15819279,22.81747031,6.575578908,62.91931661,0.789632414,0.751047287,0.896904177,0.745277091,0.279210014,0.998910765,4.076825125,0.138028438,37.5102,127.086,21.9668,0.1332,4852.554199,26.2
24,30.9,24,65.91047668,91.1552887,27.47112974,22.86292135,12.71355206,96.69394875,0.617364807,0.798039065,0.739396955,0.593297188,1.836599623,7.284498485,0.238097434,2.331715455,37.5237,126.909,17.2956,0.2223,5844.961914,28.2
10,30.7,26.2,65.09745789,97.08557892,29.9186221,25.22481755,10.31541254,67.6821995,0.181307203,0.480966331,0.25626434,0.452206277,0,0,0.046720569,0.502682429,37.4562,126.955,208.507,5.1782,4879.457031,31.2
10,26.5,19.1,36.22231674,79.41843414,27.44414631,15.81181591,10.06030881,86.14741103,0,0,0.057003476,0.418531569,0,0,0,0,37.4562,126.955,208.507,5.1782,4495.878418,28.2
14,29.3,24.1,51.56751633,83.61509705,31.26050119,24.72342667,5.794006159,14.14672732,0.20117013,0.045465013,0.328934063,0.416977111,0,0,0,0,37.4967,126.927,30.968,0.618,5503.832031,31.7
4,29.2,24.7,54.52617645,96.60336304,31.41389594,23.11009197,5.115470072,81.72366589,0.127202664,0.139100447,0.173434481,0.032216393,0,0,0,0,37.645,127.022,45.716,2.5348,5414.195313,33.4
2,34.5,24.1,41.33860016,77.23764801,33.89630014,25.94438387,6.013648083,75.47377006,0.000186516,0.009628108,0.071209748,0.050552583,0,0,0,0,37.6046,127.032,44.7624,0.5141,4767.529785,34.4
25,24.9,24,91.32626343,94.88452148,25.73103382,23.38863118,5.811940451,31.03974227,0.879499674,0.925856305,0.91635006,0.910586811,8.567409595,7.313181415,0.624880391,0.024950665,37.5237,126.97,19.5844,0.2713,5752.260254,26.1
23,29.9,23.2,64.57717896,88.7345047,27.27590303,22.33676685,7.166733195,81.12690274,0.802204155,0.557200535,0.091027804,0.050504133,0.008708231,0,0,0,37.5372,126.891,15.5876,0.1554,5748.097656,29.7
9,31.7,20.8,48.59494019,83.43362427,32.1762795,24.23571737,6.619160473,114.9123485,0.051985143,0.186944303,0.317328788,0.320647529,0,0,0,0,37.4967,126.826,50.9312,0.4125,5657.855469,34.2
9,31.8,21.4,39.61665726,81.12204742,30.60594913,22.86088474,5.723669772,105.7546176,0.005186161,0.010319755,0,0,0,0,0,0,37.4967,126.826,50.9312,0.4125,4664.901367,31.7
7,29.5,24,75.33389282,92.93378448,29.09602296,25.64226433,10.52451569,106.9217946,0.448580205,0.683288409,0.465680295,0.14491935,0,0.015908034,0,0,37.5776,126.838,12.37,0.0985,5357.705566,31
10,32.5,23.2,54.11904907,81.27837372,32.19252327,25.04197205,5.352261543,86.71388376,0.047602001,0.120361485,0.250899721,0.277112622,0,0,4.858492442,0,37.4562,126.955,208.507,5.1782,4843.271973,33.4
22,29.8,25.6,68.07814789,87.55485535,29.93828334,26.87850962,7.733669758,61.05350502,0.364741441,0.353921573,0.36765145,0.170694661,0,0,0,0,37.5102,127.086,21.9668,0.1332,5360.430176,33.7
9,34.2,24.2,65.23841095,95.45506287,28.62001831,23.19848813,4.868670632,81.05852763,0.266480051,0.359998505,0.352771976,0.221902362,0,0,0,0,37.4967,126.826,50.9312,0.4125,5227.494629,30.4
2,25.4,22.8,60.48813629,93.21613312,29.59429998,22.79461964,6.210235327,55.14654859,0.352404997,0.158642227,0.095213005,0.038324001,0,0,0,0,37.6046,127.032,44.7624,0.5141,5789.401367,31.1
15,34.1,26.6,72.31838226,89.42087555,29.82269733,27.46909897,4.979775091,39.37618434,0.360973553,0.669020568,0.770245357,0.326382149,0,0,3.56742234,0.006075861,37.5507,126.937,30.0464,0.8552,5043.325684,32.5
18,29,24,79.04933167,91.55762482,28.11501734,25.15769488,9.825239817,60.5406336,0.728915273,0.78598111,0.643350188,0.646317819,0.008846598,7.196419636,0,0,37.4832,127.024,56.4448,1.2313,5813.991211,30.2
12,29.2,21.2,57.93544769,91.9161377,26.24427075,21.47976022,4.581851731,34.74036948,0.440371107,0.810739706,0.743312241,0.568832655,0.027015395,0.286815697,1.509042465,0,37.5507,126.988,132.118,0.5931,5019.580078,24.2
20,26.8,22.1,61.22630692,95.18904114,28.2425303,20.9413295,4.553166558,68.90183018,0.782728,0.344620415,0.446050694,0.497811178,0.051456902,0,0.008129731,0,37.6181,127.004,146.554,4.7296,5751.265137,29
12,32.7,24.9,44.41466904,85.34484863,32.56522412,25.67403512,6.838217547,37.22720118,0.379239892,0.198178917,0.041120721,0.028206482,0.032092087,0,0,0,37.5507,126.988,132.118,0.5931,5019.580078,35.1
11,32.2,24.9,43.37574768,80.45729828,31.4837391,24.45458269,5.957795312,63.57222462,0.074489732,0.058867247,0.224075642,0.268028963,0,0,0,0,37.5372,127.085,28.7,0.6233,5535.501465,32.2
11,30.6,25.4,49.01731491,86.24835968,32.23028489,25.45363036,6.912038257,57.42561805,0.137099073,0.184811417,0.108546344,0.277551798,0.001953125,0,0,0,37.5372,127.085,28.7,0.6233,5663.089355,33.1
13,34.5,26.4,44.55712128,80.36445618,32.61338415,26.01986186,6.186545899,42.5870808,0.393278163,0.167471345,0.303018083,0.04332427,0.000418156,0,0.045201408,0,37.5776,127.083,59.8324,2.6865,4951.04834,35.7
1,25.2,19.2,70.25183868,93.52371979,26.17069025,21.79733255,6.140344729,71.1751196,0.215370177,0.467883969,0.43208695,0.074309812,0,0,0,0,37.6046,126.991,212.335,2.785,5087.199707,26.7
13,35.3,25.8,60.63561249,92.3384552,28.60087116,22.91311136,4.095525245,73.68141603,0.778232861,0.462684729,0.685704326,0.496735604,1.44022696,0.017690983,0.184965829,1.088784639,37.5776,127.083,59.8324,2.6865,5755.828613,31.3
13,35.3,26.8,55.84215164,77.74112701,33.19769135,27.31739068,6.998111566,51.41424219,0.308734778,0.370166785,0.357581092,0.344409848,0,0,0,0,37.5776,127.083,59.8324,2.6865,5637.350098,33.6
10,29.1,20.8,54.48265457,97.16876221,29.5893387,22.63800088,7.603942692,55.82318827,0.318307535,0.191343223,0.0845275,0.087026372,0,0,0,0,37.4562,126.955,208.507,5.1782,5686.123535,29.1
7,23.8,21.9,61.05392075,93.25775146,27.86372474,20.46646145,4.765235086,98.74565268,0.422167573,0.27558637,0.079399002,0.071706463,0,0,0,0,37.5776,126.838,12.37,0.0985,5017.061523,29.3
9,29.8,24.3,61.47494888,86.18688202,27.46861433,23.88207837,5.574608405,62.90565497,0.443374455,0.459507559,0.338188051,0.569170388,0,0,0,0,37.4967,126.826,50.9312,0.4125,4881.014648,28.4
13,34.3,26.2,38.13650513,79.56585693,33.54997468,24.22778848,5.357239087,64.17192769,0.008790926,0.000511768,0.040123185,0.318975632,0,0,0,0,37.5776,127.083,59.8324,2.6865,4704.369141,32.4
4,27.6,23.3,54.70655823,96.59393311,27.33612233,22.53536574,6.211934298,80.98903752,0.167441169,0.109909163,0.033347479,0.235801038,0,0,0,0,37.645,127.022,45.716,2.5348,4488.11084,29.5
20,29.8,21.8,69.39138794,98.4282608,23.83742834,20.75448535,6.793189118,51.20485671,0.472919452,0.768127791,0.705758036,0.61280482,0.01301254,0.435501447,0.394031238,0,37.6181,127.004,146.554,4.7296,5058.948242,24.8
24,30.1,20.7,71.47318268,89.10109711,29.4905728,23.70098639,8.429956039,32.2527922,0.207496098,0.5320862,0.463719615,0.785593274,0,0,0,0.048255791,37.5237,126.909,17.2956,0.2223,5832.412109,27.7
16,26.7,23,86.91093445,99.65870667,25.30679421,22.56979021,11.98888824,50.87935567,0.812768393,0.814045922,0.649729416,0.83436146,6.215536684,4.084523978,0.003820103,0.024076506,37.4697,126.995,82.2912,2.2579,5849.513184,28.3
24,30.5,21.6,45.02692795,83.44313812,31.03120123,23.53966408,5.439308276,40.44662992,0.029167312,0.037398917,0.320196037,0.216280109,0,0,0,0,37.5237,126.909,17.2956,0.2223,5496.240723,31.3
16,32.3,20,66.42204285,88.90305328,26.62426293,23.03887039,7.718112489,59.05324078,0.089155036,0.272274415,0.534390732,0.448821918,0,0,0,0,37.4697,126.995,82.2912,2.2579,5765.697754,28.6
4,36,26.6,50.60135269,93.87595367,34.12903913,26.41936285,6.533233792,100.4299895,0.041991362,0.008003677,0.028401048,0.018150023,0,0,0,0,37.645,127.022,45.716,2.5348,5056.626465,36.1
7,30.3,24.5,73.3265686,89.01177216,28.87128711,25.16493115,10.0508824,97.02001921,0.244958645,0.411977866,0.257107676,0.343358787,0,0,0,0,37.5776,126.838,12.37,0.0985,5645.98291,30.6
11,31.8,26.4,52.38313293,85.29067993,32.45358692,25.06458817,9.874674181,58.99824627,0.17902633,0.287082812,0.152467663,0.162359882,0,0,0,0,37.5372,127.085,28.7,0.6233,5352.710938,32.6
10,31,24.2,49.64064026,81.41542053,29.91797482,24.66353845,7.074291358,76.14352246,0.052004351,0.068914525,0.181105175,0.73169115,0,0,0,0.006772761,37.4562,126.955,208.507,5.1782,4576.546387,32
17,30.5,23.7,72.85063934,87.90053558,27.9077854,24.87914778,3.879668017,46.36623438,0.348163005,0.440548804,0.552465399,0.445478482,0,0,0,0,37.6181,127.099,53.4712,0.697,5190.702148,26
22,30.7,21.5,37.58892059,87.53619385,31.17917823,22.04383509,6.172194461,83.69653559,0.020818735,0.009618928,0.153245868,0.112323804,0,0,0,0,37.5102,127.086,21.9668,0.1332,4441.803711,32.2
16,26.9,21.3,61.5798111,90.70301056,27.88860763,23.24716826,4.26325798,52.58932773,0.270851616,0.422803618,0.414761877,0.040277615,0,0,0,0,37.4697,126.995,82.2912,2.2579,4896.68457,29.3
18,27.4,22.1,69.90802765,95.90899658,24.18036681,20.55943097,8.157949229,51.78215818,0.296713479,0.496005307,0.921219925,0.908269849,0,0.276226282,5.373631724,11.78531905,37.4832,127.024,56.4448,1.2313,5839.429199,25.6
16,29.7,23.9,85.1195755,92.44084167,26.2574049,25.23612352,10.40448713,48.78920925,0.639526648,0.861427994,0.496695901,0.467966319,0.023724925,2.971873149,0.006590882,0,37.4697,126.995,82.2912,2.2579,5595.178223,26.7
10,28.7,24.3,86.39729309,94.99410248,25.10324236,24.2495361,11.86081779,38.3426406,0.659466145,0.882277655,0.519904698,0.522256629,0.018421031,2.552946299,0.004024391,0,37.4562,126.955,208.507,5.1782,5611.352539,26.2
24,30.3,24.2,57.50437546,96.24025726,29.50862531,25.15743397,7.404837151,60.8709325,0.592062171,0.345134104,0.16730701,0.042169351,2.798884769,0,0,0,37.5237,126.909,17.2956,0.2223,5429.587402,30.4
19,27.9,19.6,38.07008743,80.74447632,32.62658741,22.62810654,5.850241721,53.28215551,0.008580727,0.003288796,0.096395594,0.157160205,0,0,0,0,37.5776,126.938,75.0924,1.7678,5692.742676,32.3
7,32.1,25.2,53.92131805,82.8342514,31.40783565,25.49545027,5.704967598,142.8540357,0.45141176,0.389590294,0.181670025,0.230466032,0.020729079,0,0,0,37.5776,126.838,12.37,0.0985,5612.043945,31.6
13,26.5,24,48.44046783,87.13308716,31.80974707,24.76872523,7.845304852,27.19619771,0.503097357,0.2207419,0.354410927,0.176943769,0,0,0,0,37.5776,127.083,59.8324,2.6865,5670.620117,31.2
6,29,23.8,46.84893417,84.32125854,31.22010442,24.90957836,5.800915877,49.73115452,0.427088118,0.13231153,0.046102227,0.120890578,0,0,0,0,37.5102,127.042,54.6384,0.1457,4800.263184,32.6
5,23.2,19.6,57.40470123,96.94561768,27.97068825,21.14244832,3.937099333,84.45024079,0.413561453,0.381599849,0.311174537,0.564141851,0.003990559,0,0,0,37.5507,127.135,35.038,0.5055,4857.075195,27.5
23,24.5,20.5,43.30374146,81.3793335,26.31947304,17.72039281,9.992357741,87.26609008,0.28965288,0.070423746,0.168723812,0.123945956,0,0,0,0,37.5372,126.891,15.5876,0.1554,4482.970215,29.2
22,33.3,27.3,45.00518417,81.55715942,33.64550847,25.02434641,4.787804713,102.9834634,0.049561621,0.267812517,0.217328393,0.09137852,0,0,0,0,37.5102,127.086,21.9668,0.1332,5335.196289,36
19,31.7,24.7,48.83404541,85.03030396,30.77394892,25.78194641,6.61078316,56.30207837,0.051768491,0.067145888,0.155293913,0.717746845,0,0,0,0.004307489,37.5776,126.938,75.0924,1.7678,4688.676758,32.7
7,34.3,26.7,54.23999023,83.61577606,31.6871057,26.26283964,4.784021427,150.0861456,0.042380529,0.133684508,0.137233566,0.277540795,0,0,0,0,37.5776,126.838,12.37,0.0985,4884.982422,34.4
13,31.8,25.7,65.38780975,89.62199402,27.77742975,24.20426482,7.782259166,27.37160321,0.203476799,0.633417594,0.719465103,0.706317604,0,0,0,0.324344776,37.5776,127.083,59.8324,2.6865,5619.804688,29.3
12,31.9,22.6,47.25299454,72.39917755,30.67127191,23.86412465,6.383438895,19.36523759,0.117845968,0.159202471,0.510761112,0.500421462,0,0,0,0,37.5507,126.988,132.118,0.5931,5589.288574,28.9
2,34.8,24.7,44.74423981,87.91472626,35.45521905,27.64983117,5.60877651,69.98404404,0.064009601,0.023137757,0.023138789,0.01541008,0,0,0,0,37.6046,127.032,44.7624,0.5141,5071.276855,34.2
10,25.2,23,68.67132568,96.39491272,29.02278412,22.86865643,8.906458696,62.10914661,0.701092158,0.507403914,0.267785898,0.320791047,1.883176911,0.477068001,0,0,37.4562,126.955,208.507,5.1782,5750.477539,28.6
19,25.4,21.7,75.8969574,88.73591614,28.26972627,23.88353346,9.342324277,43.06959979,0.728932569,0.620490786,0.529586437,0.358338296,0.893285022,0.018471242,0.074746206,0,37.5776,126.938,75.0924,1.7678,4869.229004,28.9
11,30.6,22.6,46.92348862,89.46096039,32.5873982,22.83859548,7.01488781,57.32524554,0.235502804,0.202367518,0.087364085,0.001480406,0,0,0,0,37.5372,127.085,28.7,0.6233,5831.660156,31.4
15,28.7,24.2,46.32411957,80.13318634,32.52402879,25.52497693,4.945849756,28.11801191,0.253203152,0.1629476,0.208004966,0.072705364,0,0,0,0,37.5507,126.937,30.0464,0.8552,5428.960938,32.3
19,33.4,23.3,39.64871979,90.60202789,30.66935672,22.85848014,7.662290027,48.81103663,0.099775709,0.075763775,0,0.143889283,0,0,0,0,37.5776,126.938,75.0924,1.7678,5814.327148,33.9
2,29.9,23.7,71.71920013,95.52958679,28.69109525,24.24304226,4.071083883,52.67069491,0.646286655,0.415552116,0.437857082,0.276094271,0.40428757,0.026494043,0.338903959,0.623775378,37.6046,127.032,44.7624,0.5141,5354.40332,29.3
8,26.4,23.4,73.26300049,93.7416687,27.16229788,24.43818528,5.884679963,25.98605414,0.569780825,0.618961174,0.613700697,0.299166664,0.035558942,0.098595689,0,0,37.4697,126.91,52.518,1.5629,5689.650879,28.5
13,29.9,23.9,51.35637665,90.96784973,28.83502961,24.08176652,6.061229949,35.1634632,0.479315827,0.642188418,0.157554779,0.010789675,0,0.030167967,0.006970586,0,37.5776,127.083,59.8324,2.6865,5523.393066,29.7
12,31.3,21.5,34.69758606,72.43377686,32.26766492,23.04610025,6.026714643,28.82637203,0.109866595,0.027549873,0.083715926,0.032642148,0,0,0,0,37.5507,126.988,132.118,0.5931,4736.23584,32.2
14,26.3,23.2,70.64071655,93.31009674,27.42763141,24.73818895,6.037457397,20.56651475,0.568163592,0.626833587,0.61051106,0.331285427,0.016884827,0.385115908,0,0,37.4967,126.927,30.968,0.618,5685.721191,28.9
14,33.3,26.6,45.01225281,82.289505,33.09213622,26.19696306,6.375762035,20.95897412,0.343267124,0.158005033,0.075875255,0.028296704,0.024047643,0,0.000485294,0,37.4967,126.927,30.968,0.618,4958.466797,35.5
21,31.9,27.6,58.66624451,84.0879364,32.25489773,28.0009837,6.932793528,10.34656928,0.452814141,0.468212186,0.533244577,0.357535103,0,0,0,0,37.5507,127.04,26.298,0.5721,5623.480469,32.1
16,31.1,22.2,51.56281281,79.80277252,31.61846337,23.96416204,6.716136336,107.2303805,0.476253726,0.323619076,0.196768924,0.053830136,0.01656382,0,0,0,37.4697,126.995,82.2912,2.2579,5613.794922,30.8
20,30.1,23.2,68.02493286,94.73856354,22.90154292,18.55886644,20.04824893,100.5841233,0.479474855,0.676445106,0.733903652,0.740560354,0,0.023687282,0.39896932,1.035191764,37.6181,127.004,146.554,4.7296,4782.768555,25.4
16,24.7,22,77.99101257,90.68119812,28.16365808,23.79074857,10.54921705,63.85375059,0.551414654,0.52795557,0.577720163,0.381979005,1.053686066,0.220536422,4.89171346,0,37.4697,126.995,82.2912,2.2579,4790.760742,27.7
7,31.6,24.9,59.55867386,96.0271225,31.78740511,24.19045794,4.946433773,108.3063203,0.393227395,0.078429521,0.238022706,0.32923653,0.033194087,0,3.78e-05,0.0976633,37.5776,126.838,12.37,0.0985,5332.515625,34.2
3,32.8,23.2,65.09393311,83.50121307,27.67330449,24.21728724,7.690356016,8.946515381,0.074517065,0.394273117,0.607444197,0.482589996,0,0,0,0,37.5776,127.058,33.3068,0.2661,5772.467285,29.4
10,23.9,21.5,78.85088348,95.67207336,22.42115505,19.61663273,8.508446097,54.39324236,0.756501974,0.70944501,0.762468293,0.89612754,0.258254795,0.626405654,0.509692753,9.494099776,37.4562,126.955,208.507,5.1782,4879.457031,23.9
23,23.8,20.8,63.8323555,91.46817017,27.10729495,20.96166213,4.612116168,60.29529778,0.376825668,0.225120486,0.097865732,0.000976151,0.004442111,0,0,0,37.5372,126.891,15.5876,0.1554,5664.362793,29.6
10,30.9,20.9,51.66098404,88.53798676,30.78169727,23.71868065,6.995393485,78.60640411,0.017363718,0.021071864,0.232130943,0.38267891,0,0,1.097418611,0.32637916,37.4562,126.955,208.507,5.1782,5857.175781,32.9
4,26,22.3,93.34365845,98.15362549,25.9528242,24.22854317,10.74956586,40.33789962,0.828029899,0.78384115,0.896987804,0.647714541,20.6530903,1.868569461,2.915809542,0.000445922,37.645,127.022,45.716,2.5348,5741.361328,25.8
12,35.4,25.7,40.53006363,72.86128998,34.31108565,26.21055458,6.765751779,24.11684581,0,0.015198663,0.104442067,0.046044875,0,0,0,0,37.5507,126.988,132.118,0.5931,4810.149902,34.1
9,31.1,22.8,69.64485931,87.00695038,29.14479082,24.85578626,10.75550179,77.91225394,0.2965118,0.413978164,0.197643808,0.3767081,0,0.006478846,0,0,37.4967,126.826,50.9312,0.4125,5674.463867,30
9,33.3,25.6,47.51373291,89.30125427,32.07239659,26.36494338,6.370965123,105.8832076,0.205686246,0.15453507,0.021268176,0,0,0,0,0,37.4967,126.826,50.9312,0.4125,5109.80957,33.3
9,32.6,22.5,45.78914261,83.8276062,33.44411531,25.1292849,6.123870661,103.5484611,0.154080368,0.240492604,0.086544607,0.112760728,0,0,0,0,37.4967,126.826,50.9312,0.4125,4846.185547,33.9
23,26.9,22.9,85.1378479,99.80718231,25.52346049,23.06219682,9.379623592,58.56425548,0.874439731,0.813824058,0.673150174,0.841409783,9.249733349,7.588655961,0,0.027886124,37.5372,126.891,15.5876,0.1554,5840.055176,28.4
24,29.8,24,46.97827148,81.38394165,31.11075213,23.90376674,6.768131932,54.27863081,0.290019927,0.234084093,0.286307974,0.50122104,0,0,0.001727093,1.108038784,37.5237,126.909,17.2956,0.2223,4883.712891,29.4
21,28.1,22.8,44.01414108,89.89665222,30.92310514,21.39850695,8.77695479,16.32354619,0.247418978,0.232316099,0.031840403,0.000450861,0,0,0,0,37.5507,127.04,26.298,0.5721,5848.048828,30.5
10,27.1,16.9,52.60755157,94.54550171,28.33270768,21.29266271,6.947253664,67.81655467,0.243484212,0.143934944,0.006150196,0.081127263,0,0,0,0,37.4562,126.955,208.507,5.1782,5084.998535,29.3
13,31.7,24.2,39.28247833,79.93177795,32.12360383,24.48136369,6.016357094,34.48897006,0.070173817,0.062772872,0.192161685,0.23713317,0,0,0,0,37.5776,127.083,59.8324,2.6865,5523.393066,32.4
11,26.5,20.6,65.50450897,88.62646484,25.03866639,22.42527994,4.366654396,44.38365078,0.407778678,0.394227496,0.523600376,0.351857935,0,0,0.09403791,0.09175574,37.5372,127.085,28.7,0.6233,5846.328613,26.3
9,32.3,27.1,56.22797394,84.24674988,31.36467805,25.88789086,6.001062602,96.82824842,0.584035705,0.357118366,0.373852901,0.548897052,0.017943083,0,0,0,37.4967,126.826,50.9312,0.4125,4846.185547,35.1
1,23.5,21.6,70.78235626,98.69328308,27.42071871,21.14742109,7.000308623,72.85176988,0.314136635,0.285362744,0.162447545,0.111436717,0,0,0,0,37.6046,126.991,212.335,2.785,5915.583496,29.1
20,26.4,19.6,70.21333313,97.57317352,25.29930072,20.27178375,5.243682086,54.322471,0.427924552,0.594668785,0.46472667,0.331321296,0,0,0,0,37.6181,127.004,146.554,4.7296,5883.891602,28.5
12,31.1,23.7,53.8478508,84.6088562,31.50291355,24.77373818,11.6522432,28.56511831,0.221097098,0.315862437,0.165784421,0.248215003,0,0,0,0,37.5507,126.988,132.118,0.5931,5403.180176,31.1
5,35.3,26.2,80.23658752,95.09048462,29.03506615,26.77327922,4.18462723,54.08025726,0.290183677,0.710760615,0.819485663,0.322051499,0,0.001603895,3.405432337,0,37.5507,127.135,35.038,0.5055,5024.069336,31.3
17,30.8,20.6,67.85626221,88.08847809,30.13535544,23.14193423,8.127476871,75.17423002,0.151983586,0.36901684,0.39732066,0.772820129,0,0,0,0.02197989,37.6181,127.099,53.4712,0.697,5854.449219,28.6
2,29.1,23.9,58.05275345,86.06370544,31.49827854,24.07602591,5.27688092,53.60886367,0.366371258,0.408308183,0.309480002,0.157887754,0,0,0,0,37.6046,127.032,44.7624,0.5141,5473.931152,31.4
2,22.5,16.7,42.48497009,73.17346954,26.49669904,18.26289765,10.86089327,71.79048443,0.295152775,0.042800095,0.164464148,0.173602806,0,0,0,0,37.6046,127.032,44.7624,0.5141,4503.431641,25.5
14,27.5,22.4,44.66233444,90.23641968,32.00158615,22.78681036,6.520697633,47.22684066,0.74903752,0.136083848,0.163901991,0.188637914,4.866411455,0.127693176,0,0,37.4967,126.927,30.968,0.618,5840.003906,31
22,31,25.1,51.19857407,85.31687164,31.51446334,25.56652782,6.494926771,89.36839763,0.154495587,0.219191822,0.088132098,0.271040228,0.003069084,0,0,0,37.5102,127.086,21.9668,0.1332,5649.235352,33.5
1,24.8,17.9,33.39945984,96.95249939,26.0447825,18.84376393,10.28537975,78.41931845,0.119709565,0.316820344,0.025562708,1.66e-05,0,0.7993137,0.014308644,0,37.6046,126.991,212.335,2.785,5987.71875,26.5
21,30.2,23,52.22299576,85.77321625,30.08462532,23.90319243,6.457591116,10.81039485,0.254173863,0.520294559,0.338395775,0.262259484,0,0.004833918,0,0,37.5507,127.04,26.298,0.5721,5731.151367,31.2
1,27.6,20,60.70249939,93.59510803,27.5982417,21.79888822,7.296901753,54.95057076,0.221179041,0.495659815,0.284912359,0.138537928,0,0.248187584,0,0,37.6046,126.991,212.335,2.785,5868.59668,29.5
6,33.8,24.9,40.81470871,83.26659393,35.27824259,26.58717553,5.352375319,52.8459789,0.28494341,0.065605753,0.083579702,0.063233365,0,0,0,0,37.5102,127.042,54.6384,0.1457,5328.801758,35.5
12,31.9,22.1,40.43150711,74.12931824,35.02266148,26.47431581,6.662929475,25.43564397,0.035158039,0.119483576,0.322683171,0.322262124,0,0,0,0,37.5507,126.988,132.118,0.5931,5843.375488,34.7
21,27.8,22.7,43.1860199,68.59341431,29.12369484,22.98754897,8.819716394,10.69625024,0.460491708,0.306238373,0.505684818,0.288764591,0,0,0,0,37.5507,127.04,26.298,0.5721,5809.657715,25.4
7,31.3,22.7,61.98736954,90.79003906,29.86393836,24.94229153,5.28094999,129.1226114,0.157320154,0.078426978,0.154198659,0.121530817,0,0,0,0,37.5776,126.838,12.37,0.0985,5017.061523,31.1
10,28.8,18.5,41.67287827,90.9392395,29.84065143,19.57068897,6.510706325,48.91992561,0.035077865,0.02399597,0.134328522,0.138147488,0,0,0,0,37.4562,126.955,208.507,5.1782,5893.608398,30.6
11,32.5,22.9,50.6599617,80.27933502,33.12712467,25.83766286,7.215664903,63.00986862,0.109065431,0.026470142,0.020702342,0.163574564,0,0,0,0,37.5372,127.085,28.7,0.6233,5749.513672,32.6
10,25.1,23,80.38038635,97.95001221,26.3910301,22.48684001,9.8773007,39.3561362,0.504159346,0.425242752,0.264080291,0.225951694,0.989570868,0,0,0,37.4562,126.955,208.507,5.1782,5827.465332,26.5
23,31.6,27.6,75.9246521,95.91345215,28.53898409,25.44062825,7.919224004,50.63790623,0.790294748,0.807535187,0.737900885,0.579385661,0.269843065,7.028781692,0.28117895,0,37.5372,126.891,15.5876,0.1554,5559.503418,30.4
21,28.3,23.4,66.40666199,94.32914734,30.69682552,25.77126425,6.130414297,38.43933386,0.711795319,0.733542084,0.253968659,0.206047152,3.934186508,5.907456189,0.014940836,0,37.5507,127.04,26.298,0.5721,5441.987305,32.8
23,32.9,26.6,70.46498871,89.17912292,29.35165815,26.07395946,8.551006148,74.67484665,0.6824036,0.812233463,0.29401239,0.250405571,0.010739294,0.028676316,0.015697754,0,37.5372,126.891,15.5876,0.1554,5408.750488,32.8
7,30.7,24.8,77.84412384,89.73323059,25.36191084,23.46640269,5.219400386,69.29452682,0.417139896,0.582727454,0.595003564,0.545905773,0,0.190318147,0.000911385,0,37.5776,126.838,12.37,0.0985,4984.893066,31.8
12,23.9,19.3,37.29366684,81.49153137,31.08312014,20.81470775,6.773969452,27.43329616,0.399945602,0.208563956,0.229337033,0.118774943,0,0,0,0,37.5507,126.988,132.118,0.5931,5906.28125,32.1
18,29.8,25.4,62.8439827,94.63970947,27.43646727,22.15782454,5.025712291,76.91152255,0.877997779,0.6365499,0.393970171,0.06677992,5.422294974,0.024422839,0,0,37.4832,127.024,56.4448,1.2313,4815.116211,30.2
4,34.2,28.3,70.19766998,98.57580566,29.38777056,23.892453,15.46872807,100.5253317,0.751002352,0.644064114,0.833222991,0.721072185,1.073602163,0.033900629,1.188327191,0.142900984,37.645,127.022,45.716,2.5348,5365.759277,30.4
14,30.8,22.6,71.90917969,92.61253357,28.53229075,24.16736588,8.193516235,50.24703264,0.899519977,0.758534032,0.654201314,0.800743207,2.490488693,2.193648954,0,0.173878964,37.4967,126.927,30.968,0.618,5503.832031,27.2
19,33.6,24.8,38.90976715,85.91545105,35.06602875,25.55500906,6.198936303,53.77200961,0.388672607,0.206491158,0.226491021,0.29401001,0.021167783,0,0,0,37.5776,126.938,75.0924,1.7678,5455.486816,35.1
19,26.7,21.5,34.72147751,93.65540314,32.2966735,21.41604248,7.734413351,60.5950948,0.055453214,0.006395451,0.247184635,0.007923925,0.000105349,0,0,0,37.5776,126.938,75.0924,1.7678,5276.602539,30
16,32.6,24.7,48.84463501,86.67181396,32.1407778,25.42908289,6.43113029,90.42328644,0.323892669,0.103458819,0.051877779,0.020157042,0.008262802,0,0,0,37.4697,126.995,82.2912,2.2579,4930.931152,33.7
24,27.2,21.4,59.81854248,82.13752747,29.4023076,22.99707254,7.94575721,40.72932601,0.463403259,0.249296674,0.196730029,0.281998736,0.051333616,0,0,0,37.5237,126.909,17.2956,0.2223,4950.97168,29
10,24.1,18,43.15580368,96.2609787,27.02473874,20.52094285,8.309461137,68.88063804,0.417570483,0.289878288,0.005572893,0.007401011,4.153480595,0,0,0,37.4562,126.955,208.507,5.1782,4536.443359,29.7
19,29,19.8,60.30347824,94.36631012,26.57958667,23.47368081,7.433485667,59.37921019,0.452731349,0.407485057,0.534338416,0.675306215,0,0,0.740374195,0.946622752,37.5776,126.938,75.0924,1.7678,4725.34082,27.8
1,28,20.5,76.57290649,97.99047852,26.66307561,22.26710608,6.6000262,62.6608116,0.279829704,0.326109727,0.197952788,0.064704208,0,0,0,0,37.6046,126.991,212.335,2.785,5904.711426,29.2
25,33.1,27,47.77600861,72.14756775,32.12948642,26.44185472,6.009270142,9.725206514,0.494225715,0.393662103,0.300524605,0.05719458,0,0,0,0,37.5237,126.97,19.5844,0.2713,4681.574219,33
23,32.3,26.6,57.49313354,87.37643433,31.04239203,26.67655886,8.217855116,83.79483326,0.212737405,0.138228364,0.299769648,0.090115694,0.012401804,0,0,0,37.5372,126.891,15.5876,0.1554,5519.459961,32.5
17,32.4,21.6,77.73630524,94.55665588,27.4257671,23.9785583,6.243686924,52.09108164,0.299939607,0.533047174,0.867463354,0.637368965,0,0,0.118190805,0,37.6181,127.099,53.4712,0.697,5831.25,28
23,31.1,22.6,59.22980118,80.75515747,28.49498233,23.99721088,6.613140325,74.80135902,0.32905666,0.295794381,0.419111723,0.664089431,0,0,0,0.060566706,37.5372,126.891,15.5876,0.1554,5846.012695,31
20,29.1,24,62.5807991,97.49459839,29.10839921,22.7089602,6.67451185,102.6552523,0.105529371,0.027634203,0.268994481,0.341874939,0,0,0,0,37.6181,127.004,146.554,4.7296,5590.241211,32.2
25,33.8,25.2,37.02183533,86.00844574,31.73526812,23.55201583,8.389932881,24.50311991,0.102207076,0.068971208,0.000395785,0.128578071,0,0,0,0,37.5237,126.97,19.5844,0.2713,5775.272461,34.2
20,32.7,25.4,45.35718536,80.13941193,31.46760506,23.49610667,6.582595021,83.41596074,0.104031156,0.000190872,0.229371501,0.005814616,0,0,0,0,37.6181,127.004,146.554,4.7296,4959.31543,32.5
11,33.2,24.7,45.40690994,79.81273651,34.67763428,27.05922132,6.027054747,55.79736916,0.312669937,0.291864093,0.284947534,0.655276393,0,0,0,0,37.5372,127.085,28.7,0.6233,4804.658203,34.6
20,22.9,20.3,84.27839661,99.97406006,23.68928302,19.63106851,7.884925286,42.00334116,0.917074627,0.832598438,0.431041673,0.252263171,2.28435791,4.535118848,0.023942579,0,37.6181,127.004,146.554,4.7296,4993.057617,24.5
17,28.1,22.6,65.58155823,94.12773895,30.6665748,24.61211163,6.402651052,113.5407532,0.406466009,0.422572261,0.405634961,0.400133789,0,0,0,0,37.6181,127.099,53.4712,0.697,5715.19873,29.3
3,32.2,24.3,42.09881973,71.25221252,34.9108095,27.63798666,5.786424369,12.43400828,0.244983743,0.30927742,0.1895902,0.594830728,0,0,0,0,37.5776,127.058,33.3068,0.2661,4798.212891,32.9
15,29.9,19.8,35.09809875,71.60264587,30.73654636,21.78324731,6.251083215,31.57574546,0.065241158,0.024090808,0.082968056,0.249076793,0,0,0,0,37.5507,126.937,30.0464,0.8552,5834.358398,33.1
12,28.7,17.2,32.27263641,63.51527023,29.01501078,20.57975948,7.326467425,26.34615203,0.307887281,0.156409249,0.006725457,0.118088987,0,0,0,0,37.5507,126.988,132.118,0.5931,5899.087402,29.4
18,25.2,20.1,81.06098175,89.99142456,20.61250105,16.68180181,14.65504122,91.11941441,0.789228759,0.931887779,0.933131188,0.672798784,0.4660871,2.471271689,5.119369308,0.896372559,37.4832,127.024,56.4448,1.2313,4395.165527,21.6
6,35.9,27.8,55.00482559,82.0507431,33.93318256,28.73976454,5.746047427,97.98972329,0.398945076,0.461292182,0.235530264,0.236310499,0,0,3.633710116,1.936591307,37.5102,127.042,54.6384,0.1457,5302.327637,33.8
6,33.6,27.3,42.17231369,78.47272491,36.11163808,27.45917904,5.909576694,59.56172077,0.055622481,0.230869603,0.071260025,0.003321928,0,0,0,0,37.5102,127.042,54.6384,0.1457,5131.512695,36.2
18,33.5,23.4,53.1751442,79.24076843,28.99807482,22.6708907,6.171863387,97.46958756,0.00063876,0.009577554,0.132100038,0.016264576,0,0,0,0,37.4832,127.024,56.4448,1.2313,4593.259277,30.7
9,27.9,20.3,61.41520691,96.05136108,28.43816851,22.21172713,4.732422804,70.92989897,0.157657699,0.157827816,0.277031948,0.172539966,0,0,0,0,37.4967,126.826,50.9312,0.4125,5015.094727,31.3
19,28.3,17.8,43.80005264,72.52708435,25.77231725,19.46007615,5.834297667,43.12028861,0.069996395,0.439677914,0.424766905,0.57071556,0,0,0,0,37.5776,126.938,75.0924,1.7678,4650.964355,26.5
25,36.7,27,42.00616074,77.76711273,35.45806047,29.06499337,6.713141004,25.39730926,0.229850311,0.123502875,0.018046569,0.001607303,0,0,0,0,37.5237,126.97,19.5844,0.2713,5088.989746,36.2
20,25.4,23.6,72.57008362,98.11495209,27.86938911,23.20663754,8.136563917,75.10629053,0.639576291,0.625712231,0.450416579,0.251896216,0,0,0,0,37.6181,127.004,146.554,4.7296,5569.274902,29.3
6,30,22.3,47.99312973,87.24330139,32.04682527,24.58810711,7.597567896,46.88571302,0.280830763,0.209167943,0.097393757,0.071613619,0,0,0,0,37.5102,127.042,54.6384,0.1457,5685.702148,30.5
17,32.2,27.4,64.97089386,90.67658234,31.10475583,26.94547751,5.962774078,83.06001814,0.412902625,0.470327897,0.544601906,0.4098331,0,0,0,0,37.6181,127.099,53.4712,0.697,5634.69043,32.6
17,30.3,23,57.3941803,82.75989532,27.28097877,22.0709536,4.821213414,70.18566807,0.413279271,0.450168563,0.552088162,0.658949467,0,0,0,0.04545165,37.6181,127.099,53.4712,0.697,5729.48584,28.3
19,33.7,24.3,46.43682098,78.59612274,33.80973669,26.25451843,5.760165716,40.4150819,0.171425036,0.304826685,0.157061568,0.608070914,0,0,0,0,37.5776,126.938,75.0924,1.7678,4834.006348,33.5
20,34.2,25.6,73.48059845,92.90700531,30.6111548,25.09031798,8.477526506,97.99736357,0.32428469,0.390253397,0.338510937,0.330740893,0,0,0,0,37.6181,127.004,146.554,4.7296,5719.555664,32.2
11,30.5,23.7,74.98197937,88.92566681,29.49941891,25.0333568,11.71835842,68.0133512,0.682207146,0.628609566,0.765700352,0.135620692,1.924535751,0,2.154687622,0,37.5372,127.085,28.7,0.6233,4732.790039,29.2
5,30,24.4,57.11660767,92.49569702,30.78440666,24.42125786,4.087336739,111.9401264,0.180526964,0.14073223,0.113066549,0.008819821,0,0,0,0,37.5507,127.135,35.038,0.5055,5414.678711,32.1
25,29.2,24.7,73.56255341,89.5895462,24.41331998,20.80908624,11.12093713,66.70280329,0.749631467,0.794476728,0.642491928,0.40975002,0.148785899,5.774502516,1.74803121,0.326749528,37.5237,126.97,19.5844,0.2713,5699.056641,23.3
16,29.7,20.5,53.28184128,94.68672943,30.77757818,23.66857,7.19192945,81.44274108,0.302556498,0.195413982,0.067058183,0.064781958,0,0,0,0,37.4697,126.995,82.2912,2.2579,5665.88916,29.4
24,31,24.6,79.75725555,94.72902679,27.84587769,23.77605551,11.07726657,62.29542955,0.773880965,0.756605874,0.838128943,0.746415875,2.205245733,0.153872477,0.031330338,0.295799995,37.5237,126.909,17.2956,0.2223,5780.575684,26.6
12,27.7,19.7,49.26360321,91.27328491,25.0396462,20.02970585,10.60367832,46.77301586,0.523799793,0.138896586,0.000584278,0.026967161,0.204586483,0,0,0,37.5507,126.988,132.118,0.5931,5924.328613,28.7
20,34.6,25.9,59.21243286,97.16373444,31.39690778,26.39748989,6.927762161,102.6585211,0.316117561,0.19139824,0.221925183,0.148356325,0.616886478,0,0,0,37.6181,127.004,146.554,4.7296,5326.949707,35
3,29,22.9,30.86375618,79.94783783,31.45951567,23.93715852,6.067791631,29.2272342,0.671329276,0.61306182,0.222516121,0.155277292,0.000539932,0.357464781,0,0,37.5776,127.058,33.3068,0.2661,5830.974609,28.8
15,30.4,22.9,51.35467911,84.2877121,30.27444943,23.00537662,7.47076262,27.3977555,0.138204016,0.301530267,0.367247587,0.250102425,0,0,0,0,37.5507,126.937,30.0464,0.8552,5711.833496,31.4
4,27.8,21.6,73.36456299,96.38697052,26.89602546,22.53511697,4.559442073,72.63513509,0.287063898,0.560212134,0.368392623,0.063997086,0,0,0,0,37.645,127.022,45.716,2.5348,4926.958008,29.8
3,29.6,21.6,38.59883118,76.79452515,34.0514172,24.25939397,5.985064656,12.48592474,0.36993019,0.146302275,0.422583718,0.142458059,0,0,0,0,37.5776,127.058,33.3068,0.2661,5794.317871,34.2
21,29.6,24.8,48.89154434,86.57156372,32.38800187,25.30799793,6.812826122,17.26167591,0.106030914,0.143327024,0.098609419,0.236004116,0.001953125,0,0,0,37.5507,127.04,26.298,0.5721,5657.239258,32.2
6,33.4,26.1,53.44350052,84.1770401,32.44947676,26.62530162,7.325310926,58.09867573,0.21903211,0.401142306,0.082849114,0.171409714,0,0.167892108,0,0,37.5102,127.042,54.6384,0.1457,5037.928223,33.2
9,33.5,25.4,52.8443718,85.35041809,33.66311108,26.75156271,5.039497773,101.7250503,0.153894944,0.193630746,0.015036581,0.005869126,0,0.004564999,0,0,37.4967,126.826,50.9312,0.4125,5140.238281,35.6
9,29.1,20.4,41.46188736,91.80423737,30.6397327,21.6225054,5.643205096,81.71078978,0.015233336,5.62e-05,0.158608271,0.181425874,0,0,0,0.004805803,37.4967,126.826,50.9312,0.4125,4471.100586,31.2
15,27.8,20.6,29.47800064,87.90205383,28.49645474,20.55884395,8.489728789,30.95253225,0.070530133,0.305526214,0.071978406,0,0,0.011682923,0,0,37.5507,126.937,30.0464,0.8552,5861.348633,29.7
12,29.2,19.8,34.3275032,68.68460083,29.28192325,20.36351976,6.053479314,24.14117169,0.0624892,0.325499845,0.067158465,0.001383323,0,0,0,0,37.5507,126.988,132.118,0.5931,4622.216797,27.6
15,27.4,25.3,58.67697906,96.22315979,28.89722165,22.85611514,10.1350705,54.42252795,0.917330851,0.355073256,0.083794273,0.335616604,5.40119419,0,0,0,37.5507,126.937,30.0464,0.8552,5711.833496,25.3
22,31.8,24.1,68.24116516,91.33728027,27.56189038,23.35067562,12.2434177,120.3839067,0.580715297,0.888694003,0.717738139,0.620365637,0.738487681,6.487334203,0.259174459,3.079744935,37.5102,127.086,21.9668,0.1332,5847.513184,29.1
4,31,27.1,92.98447418,98.91440582,26.23649115,24.76327916,7.497643749,45.8041491,0.816052105,0.769000977,0.758812196,0.507275431,0.827457318,5.690911829,1.693211754,0.122439907,37.645,127.022,45.716,2.5348,5565.044434,30
19,34.5,25.4,76.52168274,89.26983643,29.10973399,26.96297009,4.530534257,25.19240105,0.369202396,0.701638202,0.802133568,0.322637667,0,0.000162075,5.934042147,0.003175442,37.5776,126.938,75.0924,1.7678,5069.371094,32.3
4,29.4,25.5,76.33062744,99.04903412,30.42222433,25.42988733,6.518490324,87.6324892,0.237159546,0.469749012,0.100470071,0.003563013,0.005207215,0.263785779,0,0,37.645,127.022,45.716,2.5348,5460.290039,34.9
8,29.5,21.9,56.93189621,88.17475891,28.58857951,23.75689129,6.099460721,41.31740566,0.566232242,0.369191588,0.524773463,0.48524158,0.017433843,0,0,0,37.4697,126.91,52.518,1.5629,5746.33252,28.7
2,27.5,23.5,82.16958618,92.60560608,27.69646996,25.25307461,10.04787753,30.89579129,0.735927805,0.867839381,0.598271636,0.648770764,0.03023903,7.706376592,0.008670858,0.000325646,37.6046,127.032,44.7624,0.5141,5819.559082,27.9
14,29.6,21,39.82485962,85.31975555,31.67116412,20.98002594,6.288610617,14.33319986,0.034043876,0.028507384,0.064410778,0.153145478,0,0,0,0,37.4967,126.927,30.968,0.618,5857.949707,31.5
19,25.6,17.8,29.37504768,93.04691315,23.15217061,16.22307802,10.57538623,65.27704493,0.35636015,0.079506375,0.05391868,0.101274182,0,0,0,0,37.5776,126.938,75.0924,1.7678,4574.11377,23.6
23,27.6,21.3,63.8301239,91.48407745,25.96176922,21.19713066,4.307686687,41.78550553,0.611782898,0.698364619,0.549489397,0.39413815,0,0,0,0,37.5372,126.891,15.5876,0.1554,5801.46582,29.9
24,32.5,25.3,48.78485107,76.38023376,29.62997221,23.30933724,6.129736871,49.06044372,0,0.013632245,0.082423475,0.012571665,0,0,0,0,37.5237,126.909,17.2956,0.2223,4594.64502,30
23,24.9,21.4,46.18381882,85.09461212,30.10015352,21.27052627,5.714675585,69.77465041,0.414243658,0.266503442,0.198695443,0.090868826,0,0,0.014859055,0,37.5372,126.891,15.5876,0.1554,5833.513672,33.1
12,32.5,25.1,64.18871307,89.87308502,30.86974341,26.01954187,6.526038686,45.78424072,0.642872891,0.418254536,0.275502885,0.106946509,4.706062971,0.344258014,0.011915254,0,37.5507,126.988,132.118,0.5931,5477.556152,33.4
6,34.3,25.7,48.16350555,91.99780273,30.96438716,24.04938649,5.590341717,53.26093888,0.275753472,0.335999345,0.246997581,0.222092533,0,0.006413045,0,0,37.5102,127.042,54.6384,0.1457,5219.310059,31.9
23,26.4,22.4,75.56334686,89.45065308,28.4135816,24.25574131,9.1575435,47.25306181,0.695168732,0.600359508,0.550737052,0.333905362,0.351388014,0.014531523,0.001455699,0,37.5372,126.891,15.5876,0.1554,4818.54248,29.4
17,26.5,19.7,36.8360672,82.47072601,27.90799595,16.04590827,6.55140533,136.2901628,0,0,0.100701866,0.372566141,0,0,0,0,37.6181,127.099,53.4712,0.697,4578.495605,27.7
5,32.7,24.8,56.28874207,94.36899567,32.31683276,26.61690347,6.992466549,113.4676418,0.284485845,0.383051726,0.087039452,0.024676718,0.003188586,0,0,0,37.5507,127.135,35.038,0.5055,4991.792969,33.1
21,28.3,22.9,29.21213531,87.90983582,33.38150051,24.22074276,6.404647718,14.92921146,0.221750903,0.061030532,0.001291207,0.002189679,0,0,0,0,37.5507,127.04,26.298,0.5721,4723.027344,32.2
9,25.6,20.6,75.01651764,95.08448029,24.30251301,20.45805105,6.501315852,67.82698178,0.721143439,0.548729441,0.295235798,0.256107399,1.069045492,0.022245889,0,0,37.4967,126.826,50.9312,0.4125,5836.035645,27.4
3,31,22.7,60.80793762,85.57323456,29.91942876,25.32742518,6.555891772,11.61683649,0.211771304,0.305022187,0.115676071,0.027550254,0,0,0,0,37.5776,127.058,33.3068,0.2661,5772.467285,31.4
1,24.5,21.4,90.83496857,99.41160584,25.27158752,22.9263234,8.195301076,22.40241526,0.86036478,0.959851364,0.691410042,0.653986167,9.79804901,8.940202792,0.000186609,0,37.6046,126.991,212.335,2.785,5855.396973,26.7
5,30.9,24.9,83.97702026,96.07647705,26.52271926,24.6565393,6.433089654,60.93582487,0.727658927,0.761381108,0.626579778,0.674239575,0.84837404,0.714481372,0.018460664,0.109727861,37.5507,127.135,35.038,0.5055,5584.763184,25.8
7,32.2,21.5,64.84138489,91.55067444,28.13816234,22.97228073,5.50239865,99.45697069,0.269147333,0.584505452,0.204471424,0.177249008,0,0.104070049,0.122735376,0,37.5776,126.838,12.37,0.0985,5799.268066,29
6,28.9,23.1,50.91739273,84.63786316,28.81756851,22.55964685,8.066759338,56.29708107,0.771235583,0.496508801,0.081599983,0.07192072,0.023319351,0.008676727,0,0,37.5102,127.042,54.6384,0.1457,5769.900879,28.8
6,30.4,23.2,68.37688446,86.97724915,26.04953448,23.17787504,4.66227745,28.28489534,0.332574044,0.62471838,0.62802729,0.630864487,0,0.001146234,0,0,37.5102,127.042,54.6384,0.1457,5100.898926,27.1
20,24.1,17.9,98.19417572,99.42729187,17.83555757,14.7910817,20.11325343,30.17173217,0.73289538,0.954414113,0.983788755,0.899486704,0.829557151,2.535309856,5.512384733,2.187633971,37.6181,127.004,146.554,4.7296,4515.370117,19.5
5,33.2,22.8,50.08251572,86.85842133,33.96612634,25.54586797,10.79598065,166.3055267,0.416091657,0.352392665,0.358439539,0.499762721,0.296770985,0,0,0.576813244,37.5507,127.135,35.038,0.5055,5390.597168,34.1
9,35.5,26.1,52.81219864,87.42505646,33.49130015,26.12116929,5.39993613,115.7743496,0.077651331,0.012533004,0.093250654,0.061264015,0,0.009753684,0,0,37.4967,126.826,50.9312,0.4125,5283.059082,34.7
19,33,20.9,44.15432358,76.08287811,32.06942148,23.96426458,6.245248149,57.16855582,0.011988382,0.005328639,0.046359651,0.277465956,0,0,0,0,37.5776,126.938,75.0924,1.7678,5824.878906,33.6
12,31.1,24.6,65.50108337,87.81413269,30.40978353,26.4673381,7.755535324,31.65648723,0.210272306,0.241316565,0.240614364,0.195019492,0,0,0.139935881,0,37.5507,126.988,132.118,0.5931,5377.179199,29.9
6,34.1,26.4,39.03815079,79.26216888,37.21342326,27.43364159,6.007701963,70.85234006,0.045080359,0.020630986,0.112362545,0.135608674,0,0,0,0,37.5102,127.042,54.6384,0.1457,5328.801758,37.2
18,30,23.9,83.78366089,95.47885132,26.32766077,22.94419005,6.294849177,60.27343631,0.847218343,0.788419822,0.346723005,0.312025087,6.051999246,9.64686048,0.189191009,0.006817645,37.4832,127.024,56.4448,1.2313,5689.92627,31.8
4,30.5,23.9,72.03299713,89.89664459,29.84630757,24.62411638,9.889169991,70.83528562,0.127932487,0.26803033,0.109857013,0.220705037,0,0,0,0,37.645,127.022,45.716,2.5348,5654.115723,31.5
14,31.4,26.2,64.22168732,85.48371887,30.38396237,26.33428577,9.183112115,16.4646335,0.705119853,0.753850447,0.284741468,0.226668631,0.008511268,0.006905757,0,0,37.4967,126.927,30.968,0.618,5413.71582,32.2
21,32.6,27.1,37.86148834,74.57817841,35.59274051,25.92029182,6.123159717,13.35763884,0.053042456,0.32508243,0.163521279,0.134833103,0,0,0,0,37.5507,127.04,26.298,0.5721,5345.291992,34.2
19,28.9,22.5,83.11204529,95.43699646,25.42905658,23.18682006,6.948648473,46.90371128,0.739343193,0.815780059,0.338687804,0.354197913,1.018634458,6.112878144,0.370944341,0.01172191,37.5776,126.938,75.0924,1.7678,5723.936035,30.6
17,30.4,23.3,51.27626038,94.81645203,32.63810693,23.39250599,5.518963709,99.89735046,0.115614924,0.188918364,0.198650815,0.211130122,0,0,0,0,37.6181,127.099,53.4712,0.697,5668.702637,33
15,26.1,24,49.30622864,89.95999146,27.78853509,23.35314021,7.72448041,28.34143504,0.173388098,0.145393051,0.032442354,0.278304965,0,0,0,0,37.5507,126.937,30.0464,0.8552,4509.859375,29.2
24,28.4,21.2,41.8542099,80.48238373,32.64613466,23.14126342,5.910889457,42.38672384,0.008398152,0.006110817,0.147004193,0.06126759,0,0,0,0,37.5237,126.909,17.2956,0.2223,5646.496582,32.8
10,26,22.5,65.68763733,94.96535492,26.84454841,21.475203,9.12309887,62.97955746,0.207931405,0.169323552,0.047783498,0.182568687,0,0,0,0,37.4562,126.955,208.507,5.1782,5570.72168,28.9
5,31.5,21.7,50.01543045,88.82441711,29.44545722,22.25545914,5.84010456,125.9735072,0.004564992,0.020650719,0.149491295,0.064121098,0,0,0,0,37.5507,127.135,35.038,0.5055,4602.118164,30.7
11,28.3,22.8,45.84703445,81.74282837,31.81365112,25.22935682,5.584617049,40.67634896,0.418123186,0.162168822,0.059513121,0.188729054,0,0,0,0,37.5372,127.085,28.7,0.6233,4804.658203,32
5,26.8,23,82.70937347,96.52519989,27.45664256,23.7669651,7.565885305,57.52373219,0.790434553,0.870960343,0.737538774,0.582609961,9.107361317,6.813652317,0.000669999,0,37.5507,127.135,35.038,0.5055,5716.302246,28.4
13,32.7,25.6,21.0097084,93.90842438,35.30456464,24.42199596,7.333520184,60.03115392,0.615087934,0.074457732,0.029250283,0.025577856,0.653613762,0,0,0,37.5776,127.083,59.8324,2.6865,5790.223633,34.2
13,31.5,25.8,46.87489319,80.90415955,32.98301744,24.74002783,6.584349553,48.96832871,0.298036926,0.184200657,0.232572888,0.492721391,0,0,0,0,37.5776,127.083,59.8324,2.6865,5199.567383,31.6
13,30.2,21.3,39.38150024,87.58624268,29.78641262,20.32858879,4.880847394,63.65000474,0.022394353,0.007423144,0.172199112,0.21621816,0,0,0.015576299,0.558332372,37.5776,127.083,59.8324,2.6865,4474.297363,30.1
4,34.3,24.5,48.7135849,94.93367004,33.27424007,25.70148665,5.498009821,87.92657921,0.180654247,0.086083652,0,0.00419852,0,0,0,0,37.645,127.022,45.716,2.5348,5118.115234,34.8
15,32.9,24.3,45.98428726,74.78284454,34.63468312,26.52842642,6.145176589,24.40483377,0.009428032,0.034660275,0.030049324,0.107820921,0,0,0,0,37.5507,126.937,30.0464,0.8552,5665.998047,34.6
11,22,19.5,69.80433655,94.29802704,25.04442133,21.34955984,7.953157902,54.32417981,0.563779901,0.355213199,0.233345121,0.244514273,0.452201148,0.099438144,0.00368787,0.003315293,37.5372,127.085,28.7,0.6233,5694.289551,23.4
16,30.8,26,45.35514069,93.62690735,33.80831895,25.6546324,5.859991401,92.16657527,0.209927684,0.256546388,0.1397583,0.613603426,0,0,0,0,37.4697,126.995,82.2912,2.2579,4964.671875,33
2,33.3,24.7,40.61331558,83.95131683,33.45148475,27.40464127,6.36520041,57.55757068,0.15980907,0.1357133,0.013732089,0,0,0,0,0,37.6046,127.032,44.7624,0.5141,5102.277832,33.6
13,29.6,23.9,46.55229568,89.92378235,32.36672418,25.10972137,5.02480786,33.22865214,0.415816662,0.309152965,0.365419682,0.35376249,0,0,5.64e-05,0.143124926,37.5776,127.083,59.8324,2.6865,5619.804688,33
22,29,19.2,60.64313126,87.96508026,24.10935596,18.68392148,8.043407857,97.70496543,0.666888013,0.490374071,0.450571335,0.578455912,0.652138114,0,0.016910997,0.985093981,37.5102,127.086,21.9668,0.1332,4520.791504,23.7
4,31.8,27.7,82.11888886,97.97590637,30.13898805,25.90770457,8.402196089,72.32521053,0.455128034,0.415477955,0.397993465,0.271408293,0.007996328,0.019676282,0,0,37.645,127.022,45.716,2.5348,5602.210449,29.7
17,31.2,21.2,47.28754044,92.51796722,31.17658752,22.39250957,5.491243651,138.079584,0.050403131,0.062660406,0.195594421,0.218408158,0,0,0,0,37.6181,127.099,53.4712,0.697,5539.519531,32.1
25,34.2,25.3,43.93538666,66.8065567,34.8744001,27.9388812,6.09890001,21.0650214,0.239528792,0.316710953,0.201210635,0.598381914,0,0,0,0,37.5237,126.97,19.5844,0.2713,4790.469727,33.3
25,28,21.7,44.08809662,67.88332367,29.57998476,21.85706931,6.452794731,18.3560195,0.057124876,0.02630768,0.200367494,0.100977196,0,0,0,0,37.5237,126.97,19.5844,0.2713,4568.769043,31.7
2,32,20.3,39.22600174,81.74368286,31.99475518,22.22846877,5.739231845,56.80644991,0.084722021,0.031688332,0.113638603,0.018192182,0,0,0,0,37.6046,127.032,44.7624,0.5141,4694.338379,32.8
19,30.5,21,31.21650314,84.28902435,32.79902833,21.38097664,6.187763125,48.8334295,0.035480853,0.00473431,0.035352027,0.194363456,0,0,0.001196493,0,37.5776,126.938,75.0924,1.7678,5004.824219,32.7
22,29.4,21.3,61.33862686,93.31739807,27.42555423,23.60898229,5.532004734,47.4567577,0.375447135,0.668951393,0.340945079,0.095753285,0,0.011917639,0.001923683,0,37.5102,127.086,21.9668,0.1332,4746.239746,30.4
18,33,27.5,64.89749146,90.12319183,31.18658646,26.96850861,5.971199522,75.65585097,0.450160039,0.437640396,0.534316714,0.275245409,0,0,0,0,37.4832,127.024,56.4448,1.2313,5623.249023,33.5
19,31.8,24.2,55.44726563,81.36969757,29.01634119,24.35763077,5.003282368,33.0829703,0.187515782,0.247218299,0.576014168,0.663055016,0,0,0,0,37.5776,126.938,75.0924,1.7678,4938.088379,29.4
9,31.7,23.7,41.3179245,90.3037262,31.48238598,22.48294699,6.787945807,103.8583154,0.051893512,0.084186996,0.00100064,0,0,0,0,0,37.4967,126.826,50.9312,0.4125,5140.238281,32.6
22,27.1,23.2,37.0958786,89.1362381,32.05188784,22.01553742,8.211910516,100.7763246,0.057334743,0.000395868,0.116802293,0.022710373,0,0,0,0,37.5102,127.086,21.9668,0.1332,5228.34668,31.2
15,32.7,26.2,46.78286362,82.34037018,34.18031176,26.07602739,6.161724557,23.8943547,0.085541727,0.116338073,0.013862099,0.149385754,0,0,0,0,37.5507,126.937,30.0464,0.8552,5277.600586,33.9
7,31.1,24.2,85.1391983,96.50072479,27.66410922,25.42049477,7.240148246,66.97987175,0.563044252,0.720292205,0.604023098,0.465817571,0,0.46251891,0.128865695,0,37.5776,126.838,12.37,0.0985,5474.554199,29.4
16,27.9,23.1,63.56397629,94.18833923,27.1676864,22.14975736,5.335600793,71.74138196,0.891710268,0.607116115,0.415956674,0.060756199,8.38414228,0.040626002,0,0,37.4697,126.995,82.2912,2.2579,4790.760742,28
5,29.2,24.8,64.82016754,93.55840302,30.47946932,23.10657518,5.605398645,105.1360294,0.186976622,0.183811506,0.211983369,0.086845352,0,0,0,0,37.5507,127.135,35.038,0.5055,5687.061035,30.2
22,32.3,25.8,78.43239594,94.11572266,28.29517882,25.88262028,6.879830758,51.74601682,0.392854647,0.825614557,0.833237128,0.559402374,0.004832154,0.843244155,0.111668885,0.015338355,37.5102,127.086,21.9668,0.1332,5499.104492,29.9
12,23.9,19,65.06494904,95.34372711,25.03526603,20.28289191,6.534766465,36.65071034,0.788270794,0.59702034,0.299427495,0.30555539,1.243795102,0.064958375,0.000699671,0,37.5507,126.988,132.118,0.5931,5882.926758,28.3
3,30.5,23,51.36293793,83.81339264,30.22497916,23.90123736,6.407467494,11.0794359,0.281800561,0.517890385,0.292701872,0.254670364,0,0.008256147,0,0,37.5776,127.058,33.3068,0.2661,5735.222656,31.6
18,27.4,25.2,65.38087463,95.50253296,27.86803719,23.27942676,12.02156878,95.98941231,0.612176124,0.496310593,0.078894817,0.16077262,1.344717558,1.267353455,0,0,37.4832,127.024,56.4448,1.2313,5586.230469,29.3
5,28.1,23.5,49.99240875,95.07391357,31.64959883,23.60448983,6.261133621,105.169068,0.816708379,0.48095673,0.205967646,0.020116665,0.143001143,0.017670405,0,0,37.5507,127.135,35.038,0.5055,5834.413086,32.6
15,34.1,24.4,41.23840332,73.02137756,33.42572494,25.07942234,7.879389564,24.94331149,0.051613594,0.008165676,0.273783925,0.108517194,0,0,0,0,37.5507,126.937,30.0464,0.8552,5558.664551,33
8,28.1,21.1,50.00959778,90.68940735,29.75662952,22.38566774,4.778047542,39.36160239,0.132011746,0.127925524,0.344465992,0.213316131,0,0,0,0,37.4697,126.91,52.518,1.5629,4988.449707,30.1
3,27.3,22.6,49.5895195,95.95565796,28.92011005,22.24368942,8.324575136,30.10434743,0.740796633,0.307465268,0.114597639,0.265433527,0.893433876,0.005052715,0,0,37.5776,127.058,33.3068,0.2661,5852.268066,27.6
6,23.3,18.3,39.26069641,73.44648743,26.8910255,18.30345188,9.884456893,65.49132363,0.31860547,0.040847275,0.179147251,0.140209452,0,0,0,0,37.5102,127.042,54.6384,0.1457,4498.840332,27.9
16,23.5,19.8,76.67757416,97.22808838,24.7369889,20.36493102,5.138595462,45.19403958,0.862021448,0.776334145,0.437538215,0.24440069,1.921784997,3.569749536,0.155748079,0,37.4697,126.995,82.2912,2.2579,4861.894043,23.9
19,27.8,23.9,63.09306335,91.56543732,26.73267793,22.44859694,5.442980776,60.79062068,0.797599745,0.609023291,0.389672963,0.084750745,4.07880346,0.058349525,0.279760033,0,37.5776,126.938,75.0924,1.7678,4869.229004,29.4
21,30.6,23.7,49.04756165,80.32917786,30.86888425,23.21445179,7.49522987,11.8362998,0.146692644,0.232133392,0.343289165,0.229386204,0,0,0,0,37.5507,127.04,26.298,0.5721,5703.385742,28.6
11,28.3,24.3,77.13893127,91.93152618,28.39343822,25.41132086,8.391679406,43.08074721,0.777755575,0.871346383,0.698518296,0.666865145,0,10.09081459,0,0,37.5372,127.085,28.7,0.6233,5814.638184,29.2
12,30.1,19.5,42.78399658,87.82117462,30.99352586,22.27169793,6.186744044,28.37103057,0.015613883,0.030140072,0.283126879,0.222409378,0,0,0,0,37.5507,126.988,132.118,0.5931,5568.199219,30.4
25,30.1,24.1,51.54015732,75.93833923,29.33312807,24.59153586,6.69186011,41.08085207,0.170746827,0.239938502,0.35128658,0.004223805,0,0,1.337773144,0,37.5237,126.97,19.5844,0.2713,4568.769043,31.4
24,31.4,25.1,50.46083832,82.20014191,30.65151004,24.36152823,5.728338887,58.2265536,0,0.000720185,0.002738184,0.015892419,0,0,0,0,37.5237,126.909,17.2956,0.2223,5746.661133,32.9
4,29.6,22,44.17240906,88.66202545,27.59281836,18.28839555,5.328244448,77.44156372,0.03413201,0.262283469,0.085679268,0,0,0,0.003690199,0,37.645,127.022,45.716,2.5348,4565.983887,28.5
13,29.9,25.3,56.56118393,81.50498199,31.74380698,24.40014918,5.559443712,41.32153829,0.36735192,0.435019643,0.337794979,0.248668565,0,0,0,0.012692639,37.5776,127.083,59.8324,2.6865,5457.776367,32.8
18,34.1,28.5,58.11994553,84.94612885,31.33380614,26.24223616,5.458362083,90.76996279,0.576860935,0.334175858,0.331821394,0.569013116,0.009668149,0,0,0,37.4832,127.024,56.4448,1.2313,4815.116211,37.8
1,27.2,19.4,44.90764618,81.2861557,28.92589044,21.41850329,9.612656554,93.10654402,0.063558196,0.163686661,0.341842815,0.514800112,0,0,0,0,37.6046,126.991,212.335,2.785,4879.562012,27.5
18,29.5,22.7,69.66989899,91.10058594,29.91621562,25.02563539,6.110279928,72.5088714,0.423365325,0.505536621,0.486960417,0.456129845,0.006355442,0,0,0,37.4832,127.024,56.4448,1.2313,5705.057617,30.3
